** Drc report for MoriShield_V2.kicad_pcb **
** Created on 2026-09-15T01:52:22 **
** Report includes: Errors, Warnings **

** Found 649 DRC violations **
[annular_width]: Annular width (board setup constraints min annular width 0.1000 mm; actual 0.0500 mm)
    Rule: board setup constraints; error
    @(382.6353 mm, -120.9000 mm): PTH pad PAD11 [<no net>] of U4
[annular_width]: Annular width (board setup constraints min annular width 0.1000 mm; actual 0.0500 mm)
    Rule: board setup constraints; error
    @(381.1353 mm, -120.9000 mm): PTH pad PAD12 [<no net>] of U4
[annular_width]: Annular width (board setup constraints min annular width 0.1000 mm; actual 0.0500 mm)
    Rule: board setup constraints; error
    @(381.8853 mm, -121.2500 mm): PTH pad PAD13 [<no net>] of U4
[annular_width]: Annular width (board setup constraints min annular width 0.1000 mm; actual 0.0500 mm)
    Rule: board setup constraints; error
    @(381.8853 mm, -120.5500 mm): PTH pad PAD14 [<no net>] of U4
[annular_width]: Annular width (board setup constraints min annular width 0.1000 mm; actual 0.0000 mm)
    Rule: board setup constraints; error
    @(410.7828 mm, -115.8675 mm): PTH pad [GND] of 
[annular_width]: Annular width (board setup constraints min annular width 0.1000 mm; actual 0.0000 mm)
    Rule: board setup constraints; error
    @(419.4228 mm, -119.8675 mm): PTH pad [GND] of 
[annular_width]: Annular width (board setup constraints min annular width 0.1000 mm; actual 0.0000 mm)
    Rule: board setup constraints; error
    @(419.4228 mm, -115.8675 mm): PTH pad [GND] of 
[annular_width]: Annular width (board setup constraints min annular width 0.1000 mm; actual 0.0000 mm)
    Rule: board setup constraints; error
    @(410.7828 mm, -119.7675 mm): PTH pad [GND] of 
[clearance]: Clearance violation ( clearance 0.2000 mm; actual 0.5292 mm)
    Local override; error
    @(43.7389 mm, -119.1245 mm): Pad Pad [<no net>] of U12 on F.Cu
    @(43.7252 mm, -120.3882 mm): Via [GND] on F.Cu - B.Cu
[clearance]: Clearance violation ( clearance 0.2000 mm; actual 0.0865 mm)
    Local override; error
    @(279.9593 mm, -123.5659 mm): Pad P1 [Net 4] of R2_1 on F.Cu
    @(279.9694 mm, -124.4274 mm): Via [GND] on F.Cu - B.Cu
[hole_clearance]: Hole clearance violation (board setup constraints hole clearance 0.2500 mm; actual 0.0000 mm)
    Rule: board setup constraints hole; error
    @(43.7389 mm, -119.1245 mm): Pad Pad [<no net>] of U12 on F.Cu
    @(43.7252 mm, -120.3882 mm): Via [GND] on F.Cu - B.Cu
[clearance]: Clearance violation ( clearance 0.2000 mm; actual 0.0000 mm)
    Local override; error
    @(43.7389 mm, -119.1245 mm): Pad Pad [<no net>] of U12 on F.Cu
    @(43.7252 mm, -117.8482 mm): PTH pad - OUT [GND] of U12
[clearance]: Clearance violation ( clearance 0.2000 mm; actual 0.1000 mm)
    Local override; error
    @(382.6353 mm, -120.9000 mm): PTH pad PAD11 [<no net>] of U4
    @(381.8853 mm, -120.9000 mm): Pad EP [GND] of U4 on F.Cu
[hole_clearance]: Hole clearance violation (board setup constraints hole clearance 0.2500 mm; actual 0.2365 mm)
    Rule: board setup constraints hole; error
    @(279.9593 mm, -123.5659 mm): Pad P1 [Net 4] of R2_1 on F.Cu
    @(279.9694 mm, -124.4274 mm): Via [GND] on F.Cu - B.Cu
[clearance]: Clearance violation ( clearance 0.2000 mm; actual 0.1000 mm)
    Local override; error
    @(381.8853 mm, -120.9000 mm): Pad EP [GND] of U4 on F.Cu
    @(381.1353 mm, -120.9000 mm): PTH pad PAD12 [<no net>] of U4
[clearance]: Clearance violation ( clearance 0.2000 mm; actual 0.3000 mm)
    Local override; error
    @(381.8853 mm, -120.9000 mm): Pad EP [GND] of U4 on F.Cu
    @(381.8853 mm, -121.2500 mm): PTH pad PAD13 [<no net>] of U4
[clearance]: Clearance violation ( clearance 0.2000 mm; actual 0.3000 mm)
    Local override; error
    @(381.8853 mm, -120.9000 mm): Pad EP [GND] of U4 on F.Cu
    @(381.8853 mm, -120.5500 mm): PTH pad PAD14 [<no net>] of U4
[clearance]: Clearance violation ( clearance 0.2000 mm; actual 0.1304 mm)
    Local override; error
    @(279.4593 mm, -117.4169 mm): Pad RESV [<no net>] of IC1 on F.Cu
    @(279.9833 mm, -117.9409 mm): Pad GND [GND] of IC1 on F.Cu
[clearance]: Clearance violation ( clearance 0.2000 mm; actual 0.1968 mm)
    Local override; error
    @(278.6593 mm, -120.4649 mm): Pad REGOUT [Net 1] of IC1 on F.Cu
    @(278.2593 mm, -120.4649 mm): Pad SDO/ADO [Net 2] of IC1 on F.Cu
[clearance]: Clearance violation ( clearance 0.2000 mm; actual 0.1968 mm)
    Local override; error
    @(278.6593 mm, -120.4649 mm): Pad REGOUT [Net 1] of IC1 on F.Cu
    @(279.0593 mm, -120.4649 mm): Pad FSYNC [Net 4] of IC1 on F.Cu
[clearance]: Clearance violation ( clearance 0.2000 mm; actual 0.1968 mm)
    Local override; error
    @(277.4593 mm, -117.4169 mm): Pad SDA/SDI [Net 10] of IC1 on F.Cu
    @(277.8593 mm, -117.4169 mm): Pad SCL/SCLK [Net 9] of IC1 on F.Cu
[clearance]: Clearance violation ( clearance 0.2000 mm; actual 0.1968 mm)
    Local override; error
    @(278.2593 mm, -120.4649 mm): Pad SDO/ADO [Net 2] of IC1 on F.Cu
    @(277.8593 mm, -120.4649 mm): Pad VDDIO [Net 6] of IC1 on F.Cu
[clearance]: Clearance violation ( clearance 0.2000 mm; actual 0.1968 mm)
    Local override; error
    @(277.4593 mm, -120.4649 mm): Pad AUX_CL [Net 3] of IC1 on F.Cu
    @(277.8593 mm, -120.4649 mm): Pad VDDIO [Net 6] of IC1 on F.Cu
[clearance]: Clearance violation ( clearance 0.2000 mm; actual 0.1968 mm)
    Local override; error
    @(279.0593 mm, -120.4649 mm): Pad FSYNC [Net 4] of IC1 on F.Cu
    @(279.4593 mm, -120.4649 mm): Pad INT [Net 5] of IC1 on F.Cu
[clearance]: Clearance violation ( clearance 0.2000 mm; actual 0.1304 mm)
    Local override; error
    @(279.9833 mm, -119.9409 mm): Pad VDD [Net 6] of IC1 on F.Cu
    @(279.4593 mm, -120.4649 mm): Pad INT [Net 5] of IC1 on F.Cu
[clearance]: Clearance violation ( clearance 0.2000 mm; actual 0.1968 mm)
    Local override; error
    @(278.6593 mm, -117.4169 mm): Pad AUX_DA [Net 7] of IC1 on F.Cu
    @(278.2593 mm, -117.4169 mm): Pad nCS [Net 8] of IC1 on F.Cu
[clearance]: Clearance violation ( clearance 0.2000 mm; actual 0.1968 mm)
    Local override; error
    @(277.8593 mm, -117.4169 mm): Pad SCL/SCLK [Net 9] of IC1 on F.Cu
    @(278.2593 mm, -117.4169 mm): Pad nCS [Net 8] of IC1 on F.Cu
[copper_edge_clearance]: Board edge clearance violation (board setup constraints edge clearance 0.5000 mm; actual 0.0000 mm)
    Rule: board setup constraints edge; error
    @(530.0000 mm, -350.0000 mm): Segment on Edge.Cuts
    @(330.2990 mm, -216.5500 mm): Pad P1 [SPI_MOSI_MCU] of R18 on F.Cu
[copper_edge_clearance]: Board edge clearance violation (board setup constraints edge clearance 0.5000 mm; actual 0.3115 mm)
    Rule: board setup constraints edge; error
    @(170.0000 mm, -110.0000 mm): Segment on Edge.Cuts
    @(171.4467 mm, -118.1730 mm): Pad GND_3 [<no net>] of U3 on F.Cu
[copper_edge_clearance]: Board edge clearance violation (board setup constraints edge clearance 0.5000 mm; actual 0.0000 mm)
    Rule: board setup constraints edge; error
    @(170.0000 mm, -110.0000 mm): Segment on Edge.Cuts
    @(170.4467 mm, -118.1730 mm): Pad SPI_CLK [<no net>] of U3 on F.Cu
[copper_edge_clearance]: Board edge clearance violation (board setup constraints edge clearance 0.5000 mm; actual 0.0000 mm)
    Rule: board setup constraints edge; error
    @(170.0000 mm, -110.0000 mm): Segment on Edge.Cuts
    @(173.4467 mm, -148.1730 mm): Pad GND_11 [<no net>] of U3 on F.Cu
[copper_edge_clearance]: Board edge clearance violation (board setup constraints edge clearance 0.5000 mm; actual 0.3268 mm)
    Rule: board setup constraints edge; error
    @(170.0000 mm, -110.0000 mm): Segment on Edge.Cuts
    @(172.2467 mm, -145.1730 mm): Pad RESERVED_14 [<no net>] of U3 on F.Cu
[copper_edge_clearance]: Board edge clearance violation (board setup constraints edge clearance 0.5000 mm; actual 0.0000 mm)
    Rule: board setup constraints edge; error
    @(170.0000 mm, -110.0000 mm): Segment on Edge.Cuts
    @(171.9467 mm, -135.1730 mm): Pad GND_26 [<no net>] of U3 on F.Cu
[copper_edge_clearance]: Board edge clearance violation (board setup constraints edge clearance 0.5000 mm; actual 0.0000 mm)
    Rule: board setup constraints edge; error
    @(170.0000 mm, -110.0000 mm): Segment on Edge.Cuts
    @(171.9467 mm, -131.1730 mm): Pad GND_25 [<no net>] of U3 on F.Cu
[copper_edge_clearance]: Board edge clearance violation (board setup constraints edge clearance 0.5000 mm; actual 0.0000 mm)
    Rule: board setup constraints edge; error
    @(170.0000 mm, -110.0000 mm): Segment on Edge.Cuts
    @(170.4467 mm, -121.1730 mm): Pad RESERVED_2 [<no net>] of U3 on F.Cu
[copper_edge_clearance]: Board edge clearance violation (board setup constraints edge clearance 0.5000 mm; actual 0.0000 mm)
    Rule: board setup constraints edge; error
    @(170.0000 mm, -110.0000 mm): Segment on Edge.Cuts
    @(171.9467 mm, -139.1730 mm): Pad GND_27 [<no net>] of U3 on F.Cu
[copper_edge_clearance]: Board edge clearance violation (board setup constraints edge clearance 0.5000 mm; actual 0.0000 mm)
    Rule: board setup constraints edge; error
    @(170.0000 mm, -110.0000 mm): Segment on Edge.Cuts
    @(171.9467 mm, -127.1730 mm): Pad GND_24 [<no net>] of U3 on F.Cu
[drill_out_of_range]: Hole size out of range (board setup constraints min hole 0.3000 mm; actual 0.2000 mm)
    Rule: board setup constraints; error
    @(382.6353 mm, -120.9000 mm): PTH pad PAD11 [<no net>] of U4
[drill_out_of_range]: Hole size out of range (board setup constraints min hole 0.3000 mm; actual 0.2000 mm)
    Rule: board setup constraints; error
    @(381.1353 mm, -120.9000 mm): PTH pad PAD12 [<no net>] of U4
[drill_out_of_range]: Hole size out of range (board setup constraints min hole 0.3000 mm; actual 0.2000 mm)
    Rule: board setup constraints; error
    @(381.8853 mm, -121.2500 mm): PTH pad PAD13 [<no net>] of U4
[drill_out_of_range]: Hole size out of range (board setup constraints min hole 0.3000 mm; actual 0.2000 mm)
    Rule: board setup constraints; error
    @(381.8853 mm, -120.5500 mm): PTH pad PAD14 [<no net>] of U4
[solder_mask_bridge]: Front solder mask aperture bridges items with different nets
    Rule: board setup solder mask min width; error
    @(43.7252 mm, -120.3882 mm): Via [GND] on F.Cu - B.Cu
    @(43.7389 mm, -119.1245 mm): Pad Pad [<no net>] of U12 on F.Cu
[solder_mask_bridge]: Front solder mask aperture bridges items with different nets
    Rule: board setup solder mask min width; error
    @(382.6353 mm, -120.9000 mm): PTH pad PAD11 [<no net>] of U4
    @(381.8853 mm, -120.9000 mm): Pad EP [GND] of U4 on F.Cu
[solder_mask_bridge]: Front solder mask aperture bridges items with different nets
    Rule: board setup solder mask min width; error
    @(381.1353 mm, -120.9000 mm): PTH pad PAD12 [<no net>] of U4
    @(381.8853 mm, -120.9000 mm): Pad EP [GND] of U4 on F.Cu
[solder_mask_bridge]: Front solder mask aperture bridges items with different nets
    Rule: board setup solder mask min width; error
    @(381.8853 mm, -121.2500 mm): PTH pad PAD13 [<no net>] of U4
    @(381.8853 mm, -120.9000 mm): Pad EP [GND] of U4 on F.Cu
[solder_mask_bridge]: Front solder mask aperture bridges items with different nets
    Rule: board setup solder mask min width; error
    @(381.8853 mm, -120.5500 mm): PTH pad PAD14 [<no net>] of U4
    @(381.8853 mm, -120.9000 mm): Pad EP [GND] of U4 on F.Cu
[solder_mask_bridge]: Front solder mask aperture bridges items with different nets
    Rule: board setup solder mask min width; error
    @(43.7252 mm, -117.8482 mm): PTH pad - OUT [GND] of U12
    @(43.7389 mm, -119.1245 mm): Pad Pad [<no net>] of U12 on F.Cu
[via_dangling]: Via is not connected or connected on only one layer
    Local override; warning
    @(281.1918 mm, -117.9434 mm): Via [GND] on F.Cu - B.Cu
[via_dangling]: Via is not connected or connected on only one layer
    Local override; warning
    @(279.9694 mm, -124.4274 mm): Via [GND] on F.Cu - B.Cu
[via_dangling]: Via is not connected or connected on only one layer
    Local override; warning
    @(20.3709 mm, -120.3882 mm): Via [GND] on F.Cu - B.Cu
[via_dangling]: Via is not connected or connected on only one layer
    Local override; warning
    @(43.7252 mm, -120.3882 mm): Via [GND] on F.Cu - B.Cu
[via_dangling]: Via is not connected or connected on only one layer
    Local override; warning
    @(20.3709 mm, -133.8502 mm): Via [12V_RAIL] on F.Cu - B.Cu
[via_dangling]: Via is not connected or connected on only one layer
    Local override; warning
    @(43.7252 mm, -133.8502 mm): Via [5V_RAIL] on F.Cu - B.Cu
[silk_edge_clearance]: Silkscreen clipped by board edge
    Rule: board setup constraints silk; warning
    @(360.0000 mm, -240.0000 mm): Segment on Edge.Cuts
    @(289.8930 mm, -159.4895 mm): Polygon on F.Silkscreen
[silk_edge_clearance]: Silkscreen clipped by board edge
    Rule: board setup constraints silk; warning
    @(530.0000 mm, -350.0000 mm): Segment on Edge.Cuts
    @(165.7632 mm, -113.9013 mm): Polygon on F.Silkscreen
[silk_edge_clearance]: Silkscreen clipped by board edge
    Rule: board setup constraints silk; warning
    @(530.0000 mm, -350.0000 mm): Segment on Edge.Cuts
    @(166.2141 mm, -114.4499 mm): Polygon on F.Silkscreen
[silk_edge_clearance]: Silkscreen clipped by board edge
    Rule: board setup constraints silk; warning
    @(190.0000 mm, -230.0000 mm): Segment on Edge.Cuts
    @(331.3110 mm, -221.5255 mm): Polygon on F.Silkscreen
[silk_edge_clearance]: Silkscreen clipped by board edge
    Rule: board setup constraints silk; warning
    @(360.0000 mm, -240.0000 mm): Segment on Edge.Cuts
    @(290.5580 mm, -165.3495 mm): Polygon on F.Silkscreen
[silk_edge_clearance]: Silkscreen clipped by board edge
    Rule: board setup constraints silk; warning
    @(360.0000 mm, -240.0000 mm): Segment on Edge.Cuts
    @(330.0700 mm, -200.9455 mm): Polygon on F.Silkscreen
[silk_edge_clearance]: Silkscreen clipped by board edge
    Rule: board setup constraints silk; warning
    @(530.0000 mm, -350.0000 mm): Segment on Edge.Cuts
    @(153.2170 mm, -153.7025 mm): Polygon on F.Silkscreen
[silk_edge_clearance]: Silkscreen clipped by board edge
    Rule: board setup constraints silk; warning
    @(170.0000 mm, -110.0000 mm): Segment on Edge.Cuts
    @(154.0280 mm, -153.7725 mm): Polygon on F.Silkscreen
[silk_edge_clearance]: Silkscreen clipped by board edge
    Rule: board setup constraints silk; warning
    @(360.0000 mm, -240.0000 mm): Segment on Edge.Cuts
    @(289.5030 mm, -153.6295 mm): Polygon on F.Silkscreen
[silk_edge_clearance]: Silkscreen clipped by board edge
    Rule: board setup constraints silk; warning
    @(190.0000 mm, -230.0000 mm): Segment on Edge.Cuts
    @(287.2870 mm, -189.2255 mm): Polygon on F.Silkscreen
[silk_edge_clearance]: Silkscreen clipped by board edge
    Rule: board setup constraints silk; warning
    @(190.0000 mm, -230.0000 mm): Segment on Edge.Cuts
    @(290.5580 mm, -188.7895 mm): Polygon on F.Silkscreen
[silk_edge_clearance]: Silkscreen clipped by board edge
    Rule: board setup constraints silk; warning
    @(360.0000 mm, -240.0000 mm): Segment on Edge.Cuts
    @(288.9200 mm, -186.3655 mm): Polygon on F.Silkscreen
[silk_edge_clearance]: Silkscreen clipped by board edge
    Rule: board setup constraints silk; warning
    @(190.0000 mm, -230.0000 mm): Segment on Edge.Cuts
    @(287.2870 mm, -200.9455 mm): Polygon on F.Silkscreen
[silk_edge_clearance]: Silkscreen clipped by board edge
    Rule: board setup constraints silk; warning
    @(190.0000 mm, -230.0000 mm): Segment on Edge.Cuts
    @(288.9025 mm, -198.0855 mm): Polygon on F.Silkscreen
[silk_edge_clearance]: Silkscreen clipped by board edge
    Rule: board setup constraints silk; warning
    @(360.0000 mm, -240.0000 mm): Segment on Edge.Cuts
    @(330.4600 mm, -206.8055 mm): Polygon on F.Silkscreen
[silk_edge_clearance]: Silkscreen clipped by board edge
    Rule: board setup constraints silk; warning
    @(360.0000 mm, -240.0000 mm): Segment on Edge.Cuts
    @(331.2990 mm, -203.9455 mm): Polygon on F.Silkscreen
[silk_edge_clearance]: Silkscreen clipped by board edge
    Rule: board setup constraints silk; warning
    @(360.0000 mm, -240.0000 mm): Segment on Edge.Cuts
    @(287.2870 mm, -183.3655 mm): Polygon on F.Silkscreen
[silk_edge_clearance]: Silkscreen clipped by board edge
    Rule: board setup constraints silk; warning
    @(190.0000 mm, -230.0000 mm): Segment on Edge.Cuts
    @(290.5580 mm, -182.9295 mm): Polygon on F.Silkscreen
[silk_edge_clearance]: Silkscreen clipped by board edge
    Rule: board setup constraints silk; warning
    @(360.0000 mm, -240.0000 mm): Segment on Edge.Cuts
    @(290.5580 mm, -171.2095 mm): Polygon on F.Silkscreen
[silk_edge_clearance]: Silkscreen clipped by board edge
    Rule: board setup constraints silk; warning
    @(190.0000 mm, -230.0000 mm): Segment on Edge.Cuts
    @(287.2870 mm, -212.6655 mm): Polygon on F.Silkscreen
[silk_edge_clearance]: Silkscreen clipped by board edge
    Rule: board setup constraints silk; warning
    @(190.0000 mm, -230.0000 mm): Segment on Edge.Cuts
    @(288.9050 mm, -209.8055 mm): Polygon on F.Silkscreen
[silk_edge_clearance]: Silkscreen clipped by board edge
    Rule: board setup constraints silk; warning
    @(190.0000 mm, -230.0000 mm): Segment on Edge.Cuts
    @(289.9110 mm, -208.8885 mm): Polygon on F.Silkscreen
[silk_edge_clearance]: Silkscreen clipped by board edge
    Rule: board setup constraints silk; warning
    @(170.0000 mm, -110.0000 mm): Segment on Edge.Cuts
    @(151.4549 mm, -176.1729 mm): Polygon on F.Silkscreen
[silk_edge_clearance]: Silkscreen clipped by board edge
    Rule: board setup constraints silk; warning
    @(190.0000 mm, -230.0000 mm): Segment on Edge.Cuts
    @(290.5580 mm, -177.0695 mm): Polygon on F.Silkscreen
[silk_edge_clearance]: Silkscreen clipped by board edge
    Rule: board setup constraints silk; warning
    @(170.0000 mm, -110.0000 mm): Segment on Edge.Cuts
    @(126.2381 mm, -116.3622 mm): Polygon on F.Silkscreen
[silk_edge_clearance]: Silkscreen clipped by board edge
    Rule: board setup constraints silk; warning
    @(170.0000 mm, -110.0000 mm): Segment on Edge.Cuts
    @(127.0039 mm, -116.9159 mm): Polygon on F.Silkscreen
[silk_edge_clearance]: Silkscreen clipped by board edge
    Rule: board setup constraints silk; warning
    @(190.0000 mm, -230.0000 mm): Segment on Edge.Cuts
    @(287.7920 mm, -230.2455 mm): Polygon on F.Silkscreen
[silk_edge_clearance]: Silkscreen clipped by board edge
    Rule: board setup constraints silk; warning
    @(170.0000 mm, -110.0000 mm): Segment on Edge.Cuts
    @(108.5646 mm, -116.7755 mm): Polygon on F.Silkscreen
[silk_edge_clearance]: Silkscreen clipped by board edge
    Rule: board setup constraints silk; warning
    @(170.0000 mm, -110.0000 mm): Segment on Edge.Cuts
    @(109.3446 mm, -116.7755 mm): Polygon on F.Silkscreen
[silk_edge_clearance]: Silkscreen clipped by board edge
    Rule: board setup constraints silk; warning
    @(170.0000 mm, -110.0000 mm): Segment on Edge.Cuts
    @(108.5646 mm, -116.7755 mm): Polygon on F.Silkscreen
[silk_edge_clearance]: Silkscreen clipped by board edge
    Rule: board setup constraints silk; warning
    @(170.0000 mm, -110.0000 mm): Segment on Edge.Cuts
    @(109.3446 mm, -116.7755 mm): Polygon on F.Silkscreen
[silk_edge_clearance]: Silkscreen clipped by board edge
    Rule: board setup constraints silk; warning
    @(360.0000 mm, -240.0000 mm): Segment on Edge.Cuts
    @(330.0700 mm, -212.6655 mm): Polygon on F.Silkscreen
[silk_edge_clearance]: Silkscreen clipped by board edge
    Rule: board setup constraints silk; warning
    @(360.0000 mm, -240.0000 mm): Segment on Edge.Cuts
    @(331.2955 mm, -209.8055 mm): Polygon on F.Silkscreen
[silk_edge_clearance]: Silkscreen clipped by board edge
    Rule: board setup constraints silk; warning
    @(360.0000 mm, -240.0000 mm): Segment on Edge.Cuts
    @(332.3015 mm, -208.8885 mm): Polygon on F.Silkscreen
[silk_edge_clearance]: Silkscreen clipped by board edge
    Rule: board setup constraints silk; warning
    @(190.0000 mm, -230.0000 mm): Segment on Edge.Cuts
    @(287.2870 mm, -195.0855 mm): Polygon on F.Silkscreen
[silk_edge_clearance]: Silkscreen clipped by board edge
    Rule: board setup constraints silk; warning
    @(190.0000 mm, -230.0000 mm): Segment on Edge.Cuts
    @(290.5580 mm, -194.6495 mm): Polygon on F.Silkscreen
[silk_edge_clearance]: Silkscreen clipped by board edge
    Rule: board setup constraints silk; warning
    @(190.0000 mm, -230.0000 mm): Segment on Edge.Cuts
    @(288.8905 mm, -192.2255 mm): Polygon on F.Silkscreen
[silk_edge_clearance]: Silkscreen clipped by board edge
    Rule: board setup constraints silk; warning
    @(530.0000 mm, -350.0000 mm): Segment on Edge.Cuts
    @(289.7885 mm, -191.2385 mm): Polygon on F.Silkscreen
[silk_edge_clearance]: Silkscreen clipped by board edge
    Rule: board setup constraints silk; warning
    @(190.0000 mm, -230.0000 mm): Segment on Edge.Cuts
    @(288.8660 mm, -205.8885 mm): Polygon on F.Silkscreen
[silk_edge_clearance]: Silkscreen clipped by board edge
    Rule: board setup constraints silk; warning
    @(190.0000 mm, -230.0000 mm): Segment on Edge.Cuts
    @(288.9085 mm, -203.9455 mm): Polygon on F.Silkscreen
[silk_edge_clearance]: Silkscreen clipped by board edge
    Rule: board setup constraints silk; warning
    @(170.0000 mm, -110.0000 mm): Segment on Edge.Cuts
    @(95.3161 mm, -116.3049 mm): Polygon on F.Silkscreen
[silk_edge_clearance]: Silkscreen clipped by board edge
    Rule: board setup constraints silk; warning
    @(170.0000 mm, -110.0000 mm): Segment on Edge.Cuts
    @(96.0961 mm, -116.3049 mm): Polygon on F.Silkscreen
[silk_edge_clearance]: Silkscreen clipped by board edge
    Rule: board setup constraints silk; warning
    @(530.0000 mm, -350.0000 mm): Segment on Edge.Cuts
    @(141.2762 mm, -129.6385 mm): Polygon on F.Silkscreen
[silk_edge_clearance]: Silkscreen clipped by board edge
    Rule: board setup constraints silk; warning
    @(530.0000 mm, -350.0000 mm): Segment on Edge.Cuts
    @(141.5422 mm, -130.5595 mm): Polygon on F.Silkscreen
[silk_edge_clearance]: Silkscreen clipped by board edge
    Rule: board setup constraints silk; warning
    @(170.0000 mm, -110.0000 mm): Segment on Edge.Cuts
    @(142.5302 mm, -129.7085 mm): Polygon on F.Silkscreen
[silk_edge_clearance]: Silkscreen clipped by board edge
    Rule: board setup constraints silk; warning
    @(530.0000 mm, -350.0000 mm): Segment on Edge.Cuts
    @(143.1382 mm, -130.5525 mm): Polygon on F.Silkscreen
[silk_edge_clearance]: Silkscreen clipped by board edge
    Rule: board setup constraints silk; warning
    @(170.0000 mm, -110.0000 mm): Segment on Edge.Cuts
    @(144.2292 mm, -130.6255 mm): Polygon on F.Silkscreen
[silk_edge_clearance]: Silkscreen clipped by board edge
    Rule: board setup constraints silk; warning
    @(170.0000 mm, -110.0000 mm): Segment on Edge.Cuts
    @(141.9732 mm, -127.6595 mm): Polygon on F.Silkscreen
[silk_edge_clearance]: Silkscreen clipped by board edge
    Rule: board setup constraints silk; warning
    @(530.0000 mm, -350.0000 mm): Segment on Edge.Cuts
    @(142.7392 mm, -127.2105 mm): Polygon on F.Silkscreen
[silk_edge_clearance]: Silkscreen clipped by board edge
    Rule: board setup constraints silk; warning
    @(190.0000 mm, -230.0000 mm): Segment on Edge.Cuts
    @(287.2870 mm, -218.5255 mm): Polygon on F.Silkscreen
[silk_edge_clearance]: Silkscreen clipped by board edge
    Rule: board setup constraints silk; warning
    @(190.0000 mm, -230.0000 mm): Segment on Edge.Cuts
    @(288.9131 mm, -215.6655 mm): Polygon on F.Silkscreen
[silk_edge_clearance]: Silkscreen clipped by board edge
    Rule: board setup constraints silk; warning
    @(190.0000 mm, -230.0000 mm): Segment on Edge.Cuts
    @(289.5230 mm, -233.2455 mm): Polygon on F.Silkscreen
[silk_edge_clearance]: Silkscreen clipped by board edge
    Rule: board setup constraints silk; warning
    @(190.0000 mm, -230.0000 mm): Segment on Edge.Cuts
    @(288.6455 mm, -221.5255 mm): Polygon on F.Silkscreen
[silk_edge_clearance]: Silkscreen clipped by board edge
    Rule: board setup constraints silk; warning
    @(170.0000 mm, -110.0000 mm): Segment on Edge.Cuts
    @(141.4562 mm, -118.9055 mm): Polygon on F.Silkscreen
[silk_edge_clearance]: Silkscreen clipped by board edge
    Rule: board setup constraints silk; warning
    @(530.0000 mm, -350.0000 mm): Segment on Edge.Cuts
    @(141.9562 mm, -118.1715 mm): Polygon on F.Silkscreen
[silk_edge_clearance]: Silkscreen clipped by board edge
    Rule: board setup constraints silk; warning
    @(170.0000 mm, -110.0000 mm): Segment on Edge.Cuts
    @(143.3812 mm, -118.9055 mm): Polygon on F.Silkscreen
[silk_edge_clearance]: Silkscreen clipped by board edge
    Rule: board setup constraints silk; warning
    @(170.0000 mm, -110.0000 mm): Segment on Edge.Cuts
    @(141.7962 mm, -115.9395 mm): Polygon on F.Silkscreen
[silk_edge_clearance]: Silkscreen clipped by board edge
    Rule: board setup constraints silk; warning
    @(170.0000 mm, -110.0000 mm): Segment on Edge.Cuts
    @(142.7922 mm, -116.0455 mm): Polygon on F.Silkscreen
[silk_edge_clearance]: Silkscreen clipped by board edge
    Rule: board setup constraints silk; warning
    @(360.0000 mm, -240.0000 mm): Segment on Edge.Cuts
    @(331.3036 mm, -215.6655 mm): Polygon on F.Silkscreen
[silk_edge_clearance]: Silkscreen clipped by board edge
    Rule: board setup constraints silk; warning
    @(360.0000 mm, -240.0000 mm): Segment on Edge.Cuts
    @(331.4360 mm, -147.8655 mm): Polygon on F.Silkscreen
[silk_edge_clearance]: Silkscreen clipped by board edge
    Rule: board setup constraints silk; warning
    @(530.0000 mm, -350.0000 mm): Segment on Edge.Cuts
    @(141.2762 mm, -123.7785 mm): Polygon on F.Silkscreen
[silk_edge_clearance]: Silkscreen clipped by board edge
    Rule: board setup constraints silk; warning
    @(530.0000 mm, -350.0000 mm): Segment on Edge.Cuts
    @(141.5422 mm, -124.6995 mm): Polygon on F.Silkscreen
[silk_edge_clearance]: Silkscreen clipped by board edge
    Rule: board setup constraints silk; warning
    @(170.0000 mm, -110.0000 mm): Segment on Edge.Cuts
    @(142.5302 mm, -123.8485 mm): Polygon on F.Silkscreen
[silk_edge_clearance]: Silkscreen clipped by board edge
    Rule: board setup constraints silk; warning
    @(530.0000 mm, -350.0000 mm): Segment on Edge.Cuts
    @(143.1382 mm, -124.6925 mm): Polygon on F.Silkscreen
[silk_edge_clearance]: Silkscreen clipped by board edge
    Rule: board setup constraints silk; warning
    @(170.0000 mm, -110.0000 mm): Segment on Edge.Cuts
    @(144.2292 mm, -124.7655 mm): Polygon on F.Silkscreen
[silk_edge_clearance]: Silkscreen clipped by board edge
    Rule: board setup constraints silk; warning
    @(170.0000 mm, -110.0000 mm): Segment on Edge.Cuts
    @(141.9537 mm, -121.7995 mm): Polygon on F.Silkscreen
[silk_edge_clearance]: Silkscreen clipped by board edge
    Rule: board setup constraints silk; warning
    @(530.0000 mm, -350.0000 mm): Segment on Edge.Cuts
    @(143.1847 mm, -121.9055 mm): Polygon on F.Silkscreen
[silk_edge_clearance]: Silkscreen clipped by board edge
    Rule: board setup constraints silk; warning
    @(190.0000 mm, -230.0000 mm): Segment on Edge.Cuts
    @(332.1885 mm, -233.2455 mm): Polygon on F.Silkscreen
[silk_edge_clearance]: Silkscreen clipped by board edge
    Rule: board setup constraints silk; warning
    @(360.0000 mm, -240.0000 mm): Segment on Edge.Cuts
    @(277.6178 mm, -112.0759 mm): Polygon on F.Silkscreen
[silk_edge_clearance]: Silkscreen clipped by board edge
    Rule: board setup constraints silk; warning
    @(190.0000 mm, -230.0000 mm): Segment on Edge.Cuts
    @(288.2740 mm, -118.3215 mm): Polygon of C1 on F.Silkscreen
[silk_edge_clearance]: Silkscreen clipped by board edge
    Rule: board setup constraints silk; warning
    @(190.0000 mm, -230.0000 mm): Segment on Edge.Cuts
    @(289.0540 mm, -118.3215 mm): Polygon of C1 on F.Silkscreen
[silk_edge_clearance]: Silkscreen clipped by board edge
    Rule: board setup constraints silk; warning
    @(530.0000 mm, -350.0000 mm): Segment on Edge.Cuts
    @(287.2870 mm, -171.6455 mm): Polygon of C10 on F.Silkscreen
[silk_edge_clearance]: Silkscreen clipped by board edge
    Rule: board setup constraints silk; warning
    @(190.0000 mm, -230.0000 mm): Segment on Edge.Cuts
    @(288.2740 mm, -171.0615 mm): Polygon of C10 on F.Silkscreen
[silk_edge_clearance]: Silkscreen clipped by board edge
    Rule: board setup constraints silk; warning
    @(190.0000 mm, -230.0000 mm): Segment on Edge.Cuts
    @(289.0540 mm, -171.0615 mm): Polygon of C10 on F.Silkscreen
[silk_edge_clearance]: Silkscreen clipped by board edge
    Rule: board setup constraints silk; warning
    @(530.0000 mm, -350.0000 mm): Segment on Edge.Cuts
    @(289.3470 mm, -170.9115 mm): Polygon of C10 on F.Silkscreen
[silk_edge_clearance]: Silkscreen clipped by board edge
    Rule: board setup constraints silk; warning
    @(530.0000 mm, -350.0000 mm): Segment on Edge.Cuts
    @(287.2870 mm, -177.5055 mm): Polygon of C11 on F.Silkscreen
[silk_edge_clearance]: Silkscreen clipped by board edge
    Rule: board setup constraints silk; warning
    @(190.0000 mm, -230.0000 mm): Segment on Edge.Cuts
    @(288.2740 mm, -176.9215 mm): Polygon of C11 on F.Silkscreen
[silk_edge_clearance]: Silkscreen clipped by board edge
    Rule: board setup constraints silk; warning
    @(190.0000 mm, -230.0000 mm): Segment on Edge.Cuts
    @(289.0540 mm, -176.9215 mm): Polygon of C11 on F.Silkscreen
[silk_edge_clearance]: Silkscreen clipped by board edge
    Rule: board setup constraints silk; warning
    @(190.0000 mm, -230.0000 mm): Segment on Edge.Cuts
    @(289.3470 mm, -176.7715 mm): Polygon of C11 on F.Silkscreen
[silk_edge_clearance]: Silkscreen clipped by board edge
    Rule: board setup constraints silk; warning
    @(530.0000 mm, -350.0000 mm): Segment on Edge.Cuts
    @(287.2870 mm, -183.3655 mm): Polygon of C12 on F.Silkscreen
[silk_edge_clearance]: Silkscreen clipped by board edge
    Rule: board setup constraints silk; warning
    @(190.0000 mm, -230.0000 mm): Segment on Edge.Cuts
    @(288.2740 mm, -182.7815 mm): Polygon of C12 on F.Silkscreen
[silk_edge_clearance]: Silkscreen clipped by board edge
    Rule: board setup constraints silk; warning
    @(190.0000 mm, -230.0000 mm): Segment on Edge.Cuts
    @(289.0540 mm, -182.7815 mm): Polygon of C12 on F.Silkscreen
[silk_edge_clearance]: Silkscreen clipped by board edge
    Rule: board setup constraints silk; warning
    @(190.0000 mm, -230.0000 mm): Segment on Edge.Cuts
    @(289.3470 mm, -182.6315 mm): Polygon of C12 on F.Silkscreen
[silk_edge_clearance]: Silkscreen clipped by board edge
    Rule: board setup constraints silk; warning
    @(530.0000 mm, -350.0000 mm): Segment on Edge.Cuts
    @(288.7090 mm, -189.7500 mm): Reference field of C13
[silk_edge_clearance]: Silkscreen clipped by board edge
    Rule: board setup constraints silk; warning
    @(190.0000 mm, -230.0000 mm): Segment on Edge.Cuts
    @(288.2740 mm, -188.6415 mm): Polygon of C13 on F.Silkscreen
[silk_edge_clearance]: Silkscreen clipped by board edge
    Rule: board setup constraints silk; warning
    @(190.0000 mm, -230.0000 mm): Segment on Edge.Cuts
    @(289.0540 mm, -188.6415 mm): Polygon of C13 on F.Silkscreen
[silk_edge_clearance]: Silkscreen clipped by board edge
    Rule: board setup constraints silk; warning
    @(190.0000 mm, -230.0000 mm): Segment on Edge.Cuts
    @(289.3470 mm, -188.4915 mm): Polygon of C13 on F.Silkscreen
[silk_edge_clearance]: Silkscreen clipped by board edge
    Rule: board setup constraints silk; warning
    @(530.0000 mm, -350.0000 mm): Segment on Edge.Cuts
    @(290.5580 mm, -188.7895 mm): Polygon of C13 on F.Silkscreen
[silk_edge_clearance]: Silkscreen clipped by board edge
    Rule: board setup constraints silk; warning
    @(190.0000 mm, -230.0000 mm): Segment on Edge.Cuts
    @(288.2740 mm, -194.5015 mm): Polygon of C14 on F.Silkscreen
[silk_edge_clearance]: Silkscreen clipped by board edge
    Rule: board setup constraints silk; warning
    @(190.0000 mm, -230.0000 mm): Segment on Edge.Cuts
    @(289.0540 mm, -194.5015 mm): Polygon of C14 on F.Silkscreen
[silk_edge_clearance]: Silkscreen clipped by board edge
    Rule: board setup constraints silk; warning
    @(190.0000 mm, -230.0000 mm): Segment on Edge.Cuts
    @(289.3470 mm, -194.3515 mm): Polygon of C14 on F.Silkscreen
[silk_edge_clearance]: Silkscreen clipped by board edge
    Rule: board setup constraints silk; warning
    @(530.0000 mm, -350.0000 mm): Segment on Edge.Cuts
    @(288.3335 mm, -191.9125 mm): Polygon of C14 on F.Silkscreen
[silk_edge_clearance]: Silkscreen clipped by board edge
    Rule: board setup constraints silk; warning
    @(530.0000 mm, -350.0000 mm): Segment on Edge.Cuts
    @(288.8905 mm, -192.2255 mm): Polygon of C14 on F.Silkscreen
[silk_edge_clearance]: Silkscreen clipped by board edge
    Rule: board setup constraints silk; warning
    @(530.0000 mm, -350.0000 mm): Segment on Edge.Cuts
    @(289.7885 mm, -191.2385 mm): Polygon of C14 on F.Silkscreen
[silk_edge_clearance]: Silkscreen clipped by board edge
    Rule: board setup constraints silk; warning
    @(190.0000 mm, -230.0000 mm): Segment on Edge.Cuts
    @(288.2740 mm, -200.3615 mm): Polygon of C15 on F.Silkscreen
[silk_edge_clearance]: Silkscreen clipped by board edge
    Rule: board setup constraints silk; warning
    @(190.0000 mm, -230.0000 mm): Segment on Edge.Cuts
    @(289.0540 mm, -200.3615 mm): Polygon of C15 on F.Silkscreen
[silk_edge_clearance]: Silkscreen clipped by board edge
    Rule: board setup constraints silk; warning
    @(190.0000 mm, -230.0000 mm): Segment on Edge.Cuts
    @(289.3470 mm, -200.2115 mm): Polygon of C15 on F.Silkscreen
[silk_edge_clearance]: Silkscreen clipped by board edge
    Rule: board setup constraints silk; warning
    @(530.0000 mm, -350.0000 mm): Segment on Edge.Cuts
    @(288.3455 mm, -197.7725 mm): Polygon of C15 on F.Silkscreen
[silk_edge_clearance]: Silkscreen clipped by board edge
    Rule: board setup constraints silk; warning
    @(530.0000 mm, -350.0000 mm): Segment on Edge.Cuts
    @(288.9025 mm, -198.0855 mm): Polygon of C15 on F.Silkscreen
[silk_edge_clearance]: Silkscreen clipped by board edge
    Rule: board setup constraints silk; warning
    @(530.0000 mm, -350.0000 mm): Segment on Edge.Cuts
    @(289.3285 mm, -197.5905 mm): Polygon of C15 on F.Silkscreen
[silk_edge_clearance]: Silkscreen clipped by board edge
    Rule: board setup constraints silk; warning
    @(190.0000 mm, -230.0000 mm): Segment on Edge.Cuts
    @(287.8780 mm, -206.7395 mm): Polygon of C16 on F.Silkscreen
[silk_edge_clearance]: Silkscreen clipped by board edge
    Rule: board setup constraints silk; warning
    @(190.0000 mm, -230.0000 mm): Segment on Edge.Cuts
    @(289.4740 mm, -206.7325 mm): Polygon of C16 on F.Silkscreen
[silk_edge_clearance]: Silkscreen clipped by board edge
    Rule: board setup constraints silk; warning
    @(530.0000 mm, -350.0000 mm): Segment on Edge.Cuts
    @(288.3515 mm, -203.6325 mm): Polygon of C16 on F.Silkscreen
[silk_edge_clearance]: Silkscreen clipped by board edge
    Rule: board setup constraints silk; warning
    @(530.0000 mm, -350.0000 mm): Segment on Edge.Cuts
    @(289.7182 mm, -202.9584 mm): Polygon of C16 on F.Silkscreen
[silk_edge_clearance]: Silkscreen clipped by board edge
    Rule: board setup constraints silk; warning
    @(190.0000 mm, -230.0000 mm): Segment on Edge.Cuts
    @(288.2740 mm, -212.0815 mm): Polygon of C17 on F.Silkscreen
[silk_edge_clearance]: Silkscreen clipped by board edge
    Rule: board setup constraints silk; warning
    @(190.0000 mm, -230.0000 mm): Segment on Edge.Cuts
    @(289.0540 mm, -212.0815 mm): Polygon of C17 on F.Silkscreen
[silk_edge_clearance]: Silkscreen clipped by board edge
    Rule: board setup constraints silk; warning
    @(190.0000 mm, -230.0000 mm): Segment on Edge.Cuts
    @(289.3470 mm, -211.9315 mm): Polygon of C17 on F.Silkscreen
[silk_edge_clearance]: Silkscreen clipped by board edge
    Rule: board setup constraints silk; warning
    @(530.0000 mm, -350.0000 mm): Segment on Edge.Cuts
    @(288.3480 mm, -209.4925 mm): Polygon of C17 on F.Silkscreen
[silk_edge_clearance]: Silkscreen clipped by board edge
    Rule: board setup constraints silk; warning
    @(190.0000 mm, -230.0000 mm): Segment on Edge.Cuts
    @(288.2740 mm, -217.9415 mm): Polygon of C18 on F.Silkscreen
[silk_edge_clearance]: Silkscreen clipped by board edge
    Rule: board setup constraints silk; warning
    @(190.0000 mm, -230.0000 mm): Segment on Edge.Cuts
    @(289.0540 mm, -217.9415 mm): Polygon of C18 on F.Silkscreen
[silk_edge_clearance]: Silkscreen clipped by board edge
    Rule: board setup constraints silk; warning
    @(190.0000 mm, -230.0000 mm): Segment on Edge.Cuts
    @(289.3470 mm, -217.7915 mm): Polygon of C18 on F.Silkscreen
[silk_edge_clearance]: Silkscreen clipped by board edge
    Rule: board setup constraints silk; warning
    @(530.0000 mm, -350.0000 mm): Segment on Edge.Cuts
    @(288.3561 mm, -215.3525 mm): Polygon of C18 on F.Silkscreen
[silk_edge_clearance]: Silkscreen clipped by board edge
    Rule: board setup constraints silk; warning
    @(530.0000 mm, -350.0000 mm): Segment on Edge.Cuts
    @(289.8773 mm, -214.8908 mm): Polygon of C18 on F.Silkscreen
[silk_edge_clearance]: Silkscreen clipped by board edge
    Rule: board setup constraints silk; warning
    @(190.0000 mm, -230.0000 mm): Segment on Edge.Cuts
    @(287.6370 mm, -224.3855 mm): Polygon of C19 on F.Silkscreen
[silk_edge_clearance]: Silkscreen clipped by board edge
    Rule: board setup constraints silk; warning
    @(190.0000 mm, -230.0000 mm): Segment on Edge.Cuts
    @(288.4170 mm, -224.3855 mm): Polygon of C19 on F.Silkscreen
[silk_edge_clearance]: Silkscreen clipped by board edge
    Rule: board setup constraints silk; warning
    @(190.0000 mm, -230.0000 mm): Segment on Edge.Cuts
    @(289.0160 mm, -224.3125 mm): Polygon of C19 on F.Silkscreen
[silk_edge_clearance]: Silkscreen clipped by board edge
    Rule: board setup constraints silk; warning
    @(190.0000 mm, -230.0000 mm): Segment on Edge.Cuts
    @(289.8930 mm, -223.9495 mm): Polygon of C19 on F.Silkscreen
[silk_edge_clearance]: Silkscreen clipped by board edge
    Rule: board setup constraints silk; warning
    @(530.0000 mm, -350.0000 mm): Segment on Edge.Cuts
    @(288.0885 mm, -221.2125 mm): Polygon of C19 on F.Silkscreen
[silk_edge_clearance]: Silkscreen clipped by board edge
    Rule: board setup constraints silk; warning
    @(530.0000 mm, -350.0000 mm): Segment on Edge.Cuts
    @(289.4919 mm, -221.1276 mm): Polygon of C19 on F.Silkscreen
[silk_edge_clearance]: Silkscreen clipped by board edge
    Rule: board setup constraints silk; warning
    @(190.0000 mm, -230.0000 mm): Segment on Edge.Cuts
    @(288.2740 mm, -124.1815 mm): Polygon of C2 on F.Silkscreen
[silk_edge_clearance]: Silkscreen clipped by board edge
    Rule: board setup constraints silk; warning
    @(190.0000 mm, -230.0000 mm): Segment on Edge.Cuts
    @(289.0540 mm, -124.1815 mm): Polygon of C2 on F.Silkscreen
[silk_edge_clearance]: Silkscreen clipped by board edge
    Rule: board setup constraints silk; warning
    @(190.0000 mm, -230.0000 mm): Segment on Edge.Cuts
    @(287.7920 mm, -230.2455 mm): Polygon of C20 on F.Silkscreen
[silk_edge_clearance]: Silkscreen clipped by board edge
    Rule: board setup constraints silk; warning
    @(190.0000 mm, -230.0000 mm): Segment on Edge.Cuts
    @(288.6260 mm, -230.1725 mm): Polygon of C20 on F.Silkscreen
[silk_edge_clearance]: Silkscreen clipped by board edge
    Rule: board setup constraints silk; warning
    @(190.0000 mm, -230.0000 mm): Segment on Edge.Cuts
    @(289.5030 mm, -229.8095 mm): Polygon of C20 on F.Silkscreen
[silk_edge_clearance]: Silkscreen clipped by board edge
    Rule: board setup constraints silk; warning
    @(530.0000 mm, -350.0000 mm): Segment on Edge.Cuts
    @(288.0825 mm, -227.0725 mm): Polygon of C20 on F.Silkscreen
[silk_edge_clearance]: Silkscreen clipped by board edge
    Rule: board setup constraints silk; warning
    @(530.0000 mm, -350.0000 mm): Segment on Edge.Cuts
    @(288.8745 mm, -227.3855 mm): Polygon of C20 on F.Silkscreen
[silk_edge_clearance]: Silkscreen clipped by board edge
    Rule: board setup constraints silk; warning
    @(530.0000 mm, -350.0000 mm): Segment on Edge.Cuts
    @(289.6265 mm, -226.8015 mm): Polygon of C20 on F.Silkscreen
[silk_edge_clearance]: Silkscreen clipped by board edge
    Rule: board setup constraints silk; warning
    @(190.0000 mm, -230.0000 mm): Segment on Edge.Cuts
    @(289.8930 mm, -235.6695 mm): Polygon of C21 on F.Silkscreen
[silk_edge_clearance]: Silkscreen clipped by board edge
    Rule: board setup constraints silk; warning
    @(530.0000 mm, -350.0000 mm): Segment on Edge.Cuts
    @(288.1860 mm, -232.9325 mm): Polygon of C21 on F.Silkscreen
[silk_edge_clearance]: Silkscreen clipped by board edge
    Rule: board setup constraints silk; warning
    @(530.0000 mm, -350.0000 mm): Segment on Edge.Cuts
    @(288.9780 mm, -233.2455 mm): Polygon of C21 on F.Silkscreen
[silk_edge_clearance]: Silkscreen clipped by board edge
    Rule: board setup constraints silk; warning
    @(190.0000 mm, -230.0000 mm): Segment on Edge.Cuts
    @(288.0685 mm, -238.7925 mm): Polygon of C22 on F.Silkscreen
[silk_edge_clearance]: Silkscreen clipped by board edge
    Rule: board setup constraints silk; warning
    @(190.0000 mm, -230.0000 mm): Segment on Edge.Cuts
    @(288.8605 mm, -239.1055 mm): Polygon of C22 on F.Silkscreen
[silk_edge_clearance]: Silkscreen clipped by board edge
    Rule: board setup constraints silk; warning
    @(190.0000 mm, -230.0000 mm): Segment on Edge.Cuts
    @(289.6405 mm, -239.1055 mm): Polygon of C22 on F.Silkscreen
[silk_edge_clearance]: Silkscreen clipped by board edge
    Rule: board setup constraints silk; warning
    @(190.0000 mm, -230.0000 mm): Segment on Edge.Cuts
    @(288.0880 mm, -244.6525 mm): Polygon of C23 on F.Silkscreen
[silk_edge_clearance]: Silkscreen clipped by board edge
    Rule: board setup constraints silk; warning
    @(190.0000 mm, -230.0000 mm): Segment on Edge.Cuts
    @(288.8800 mm, -244.9655 mm): Polygon of C23 on F.Silkscreen
[silk_edge_clearance]: Silkscreen clipped by board edge
    Rule: board setup constraints silk; warning
    @(190.0000 mm, -230.0000 mm): Segment on Edge.Cuts
    @(289.1950 mm, -244.4105 mm): Polygon of C23 on F.Silkscreen
[silk_edge_clearance]: Silkscreen clipped by board edge
    Rule: board setup constraints silk; warning
    @(190.0000 mm, -230.0000 mm): Segment on Edge.Cuts
    @(288.0585 mm, -250.5125 mm): Polygon of C24 on F.Silkscreen
[silk_edge_clearance]: Silkscreen clipped by board edge
    Rule: board setup constraints silk; warning
    @(190.0000 mm, -230.0000 mm): Segment on Edge.Cuts
    @(288.8505 mm, -250.8255 mm): Polygon of C24 on F.Silkscreen
[silk_edge_clearance]: Silkscreen clipped by board edge
    Rule: board setup constraints silk; warning
    @(190.0000 mm, -230.0000 mm): Segment on Edge.Cuts
    @(289.5135 mm, -249.8385 mm): Polygon of C24 on F.Silkscreen
[silk_edge_clearance]: Silkscreen clipped by board edge
    Rule: board setup constraints silk; warning
    @(190.0000 mm, -230.0000 mm): Segment on Edge.Cuts
    @(288.0705 mm, -256.3725 mm): Polygon of C25 on F.Silkscreen
[silk_edge_clearance]: Silkscreen clipped by board edge
    Rule: board setup constraints silk; warning
    @(190.0000 mm, -230.0000 mm): Segment on Edge.Cuts
    @(288.8625 mm, -256.6855 mm): Polygon of C25 on F.Silkscreen
[silk_edge_clearance]: Silkscreen clipped by board edge
    Rule: board setup constraints silk; warning
    @(190.0000 mm, -230.0000 mm): Segment on Edge.Cuts
    @(289.0535 mm, -256.1905 mm): Polygon of C25 on F.Silkscreen
[silk_edge_clearance]: Silkscreen clipped by board edge
    Rule: board setup constraints silk; warning
    @(190.0000 mm, -230.0000 mm): Segment on Edge.Cuts
    @(288.0765 mm, -262.2325 mm): Polygon of C26 on F.Silkscreen
[silk_edge_clearance]: Silkscreen clipped by board edge
    Rule: board setup constraints silk; warning
    @(190.0000 mm, -230.0000 mm): Segment on Edge.Cuts
    @(288.8685 mm, -262.5455 mm): Polygon of C26 on F.Silkscreen
[silk_edge_clearance]: Silkscreen clipped by board edge
    Rule: board setup constraints silk; warning
    @(190.0000 mm, -230.0000 mm): Segment on Edge.Cuts
    @(289.4432 mm, -261.5584 mm): Polygon of C26 on F.Silkscreen
[silk_edge_clearance]: Silkscreen clipped by board edge
    Rule: board setup constraints silk; warning
    @(190.0000 mm, -230.0000 mm): Segment on Edge.Cuts
    @(288.0730 mm, -268.0925 mm): Polygon of C27 on F.Silkscreen
[silk_edge_clearance]: Silkscreen clipped by board edge
    Rule: board setup constraints silk; warning
    @(190.0000 mm, -230.0000 mm): Segment on Edge.Cuts
    @(288.8650 mm, -268.4055 mm): Polygon of C27 on F.Silkscreen
[silk_edge_clearance]: Silkscreen clipped by board edge
    Rule: board setup constraints silk; warning
    @(190.0000 mm, -230.0000 mm): Segment on Edge.Cuts
    @(288.0811 mm, -273.9525 mm): Polygon of C28 on F.Silkscreen
[silk_edge_clearance]: Silkscreen clipped by board edge
    Rule: board setup constraints silk; warning
    @(190.0000 mm, -230.0000 mm): Segment on Edge.Cuts
    @(288.8731 mm, -274.2655 mm): Polygon of C28 on F.Silkscreen
[silk_edge_clearance]: Silkscreen clipped by board edge
    Rule: board setup constraints silk; warning
    @(190.0000 mm, -230.0000 mm): Segment on Edge.Cuts
    @(289.6023 mm, -273.4908 mm): Polygon of C28 on F.Silkscreen
[silk_edge_clearance]: Silkscreen clipped by board edge
    Rule: board setup constraints silk; warning
    @(190.0000 mm, -230.0000 mm): Segment on Edge.Cuts
    @(288.0885 mm, -279.8125 mm): Polygon of C29 on F.Silkscreen
[silk_edge_clearance]: Silkscreen clipped by board edge
    Rule: board setup constraints silk; warning
    @(190.0000 mm, -230.0000 mm): Segment on Edge.Cuts
    @(288.8805 mm, -280.1255 mm): Polygon of C29 on F.Silkscreen
[silk_edge_clearance]: Silkscreen clipped by board edge
    Rule: board setup constraints silk; warning
    @(190.0000 mm, -230.0000 mm): Segment on Edge.Cuts
    @(289.4919 mm, -279.7276 mm): Polygon of C29 on F.Silkscreen
[silk_edge_clearance]: Silkscreen clipped by board edge
    Rule: board setup constraints silk; warning
    @(530.0000 mm, -350.0000 mm): Segment on Edge.Cuts
    @(289.0160 mm, -130.5525 mm): Polygon of C3 on F.Silkscreen
[silk_edge_clearance]: Silkscreen clipped by board edge
    Rule: board setup constraints silk; warning
    @(190.0000 mm, -230.0000 mm): Segment on Edge.Cuts
    @(288.3575 mm, -285.6725 mm): Polygon of C30 on F.Silkscreen
[silk_edge_clearance]: Silkscreen clipped by board edge
    Rule: board setup constraints silk; warning
    @(190.0000 mm, -230.0000 mm): Segment on Edge.Cuts
    @(288.6845 mm, -285.4305 mm): Polygon of C30 on F.Silkscreen
[silk_edge_clearance]: Silkscreen clipped by board edge
    Rule: board setup constraints silk; warning
    @(190.0000 mm, -230.0000 mm): Segment on Edge.Cuts
    @(289.9015 mm, -285.4015 mm): Polygon of C30 on F.Silkscreen
[silk_edge_clearance]: Silkscreen clipped by board edge
    Rule: board setup constraints silk; warning
    @(190.0000 mm, -230.0000 mm): Segment on Edge.Cuts
    @(288.4610 mm, -291.5325 mm): Polygon of C31 on F.Silkscreen
[silk_edge_clearance]: Silkscreen clipped by board edge
    Rule: board setup constraints silk; warning
    @(190.0000 mm, -230.0000 mm): Segment on Edge.Cuts
    @(288.7880 mm, -291.2905 mm): Polygon of C31 on F.Silkscreen
[silk_edge_clearance]: Silkscreen clipped by board edge
    Rule: board setup constraints silk; warning
    @(190.0000 mm, -230.0000 mm): Segment on Edge.Cuts
    @(288.0685 mm, -297.3925 mm): Polygon of C32 on F.Silkscreen
[silk_edge_clearance]: Silkscreen clipped by board edge
    Rule: board setup constraints silk; warning
    @(190.0000 mm, -230.0000 mm): Segment on Edge.Cuts
    @(288.3955 mm, -297.1505 mm): Polygon of C32 on F.Silkscreen
[silk_edge_clearance]: Silkscreen clipped by board edge
    Rule: board setup constraints silk; warning
    @(190.0000 mm, -230.0000 mm): Segment on Edge.Cuts
    @(289.6405 mm, -297.7055 mm): Polygon of C32 on F.Silkscreen
[silk_edge_clearance]: Silkscreen clipped by board edge
    Rule: board setup constraints silk; warning
    @(190.0000 mm, -230.0000 mm): Segment on Edge.Cuts
    @(288.3455 mm, -303.2525 mm): Polygon of C35 on F.Silkscreen
[silk_edge_clearance]: Silkscreen clipped by board edge
    Rule: board setup constraints silk; warning
    @(190.0000 mm, -230.0000 mm): Segment on Edge.Cuts
    @(288.6725 mm, -303.0105 mm): Polygon of C35 on F.Silkscreen
[silk_edge_clearance]: Silkscreen clipped by board edge
    Rule: board setup constraints silk; warning
    @(190.0000 mm, -230.0000 mm): Segment on Edge.Cuts
    @(289.3285 mm, -303.0705 mm): Polygon of C35 on F.Silkscreen
[silk_edge_clearance]: Silkscreen clipped by board edge
    Rule: board setup constraints silk; warning
    @(190.0000 mm, -230.0000 mm): Segment on Edge.Cuts
    @(288.0765 mm, -309.1125 mm): Polygon of C36 on F.Silkscreen
[silk_edge_clearance]: Silkscreen clipped by board edge
    Rule: board setup constraints silk; warning
    @(190.0000 mm, -230.0000 mm): Segment on Edge.Cuts
    @(288.4035 mm, -308.8705 mm): Polygon of C36 on F.Silkscreen
[silk_edge_clearance]: Silkscreen clipped by board edge
    Rule: board setup constraints silk; warning
    @(190.0000 mm, -230.0000 mm): Segment on Edge.Cuts
    @(289.4432 mm, -308.4384 mm): Polygon of C36 on F.Silkscreen
[silk_edge_clearance]: Silkscreen clipped by board edge
    Rule: board setup constraints silk; warning
    @(190.0000 mm, -230.0000 mm): Segment on Edge.Cuts
    @(288.3480 mm, -314.9725 mm): Polygon of C37 on F.Silkscreen
[silk_edge_clearance]: Silkscreen clipped by board edge
    Rule: board setup constraints silk; warning
    @(190.0000 mm, -230.0000 mm): Segment on Edge.Cuts
    @(288.6750 mm, -314.7305 mm): Polygon of C37 on F.Silkscreen
[silk_edge_clearance]: Silkscreen clipped by board edge
    Rule: board setup constraints silk; warning
    @(190.0000 mm, -230.0000 mm): Segment on Edge.Cuts
    @(288.3561 mm, -320.8325 mm): Polygon of C38 on F.Silkscreen
[silk_edge_clearance]: Silkscreen clipped by board edge
    Rule: board setup constraints silk; warning
    @(190.0000 mm, -230.0000 mm): Segment on Edge.Cuts
    @(288.6831 mm, -320.5905 mm): Polygon of C38 on F.Silkscreen
[silk_edge_clearance]: Silkscreen clipped by board edge
    Rule: board setup constraints silk; warning
    @(190.0000 mm, -230.0000 mm): Segment on Edge.Cuts
    @(289.8773 mm, -320.3708 mm): Polygon of C38 on F.Silkscreen
[silk_edge_clearance]: Silkscreen clipped by board edge
    Rule: board setup constraints silk; warning
    @(190.0000 mm, -230.0000 mm): Segment on Edge.Cuts
    @(288.0885 mm, -326.6925 mm): Polygon of C39 on F.Silkscreen
[silk_edge_clearance]: Silkscreen clipped by board edge
    Rule: board setup constraints silk; warning
    @(190.0000 mm, -230.0000 mm): Segment on Edge.Cuts
    @(288.4155 mm, -326.4505 mm): Polygon of C39 on F.Silkscreen
[silk_edge_clearance]: Silkscreen clipped by board edge
    Rule: board setup constraints silk; warning
    @(190.0000 mm, -230.0000 mm): Segment on Edge.Cuts
    @(289.4919 mm, -326.6076 mm): Polygon of C39 on F.Silkscreen
[silk_edge_clearance]: Silkscreen clipped by board edge
    Rule: board setup constraints silk; warning
    @(530.0000 mm, -350.0000 mm): Segment on Edge.Cuts
    @(287.6370 mm, -136.4855 mm): Polygon of C4 on F.Silkscreen
[silk_edge_clearance]: Silkscreen clipped by board edge
    Rule: board setup constraints silk; warning
    @(530.0000 mm, -350.0000 mm): Segment on Edge.Cuts
    @(288.4170 mm, -136.4855 mm): Polygon of C4 on F.Silkscreen
[silk_edge_clearance]: Silkscreen clipped by board edge
    Rule: board setup constraints silk; warning
    @(530.0000 mm, -350.0000 mm): Segment on Edge.Cuts
    @(289.0160 mm, -136.4125 mm): Polygon of C4 on F.Silkscreen
[silk_edge_clearance]: Silkscreen clipped by board edge
    Rule: board setup constraints silk; warning
    @(190.0000 mm, -230.0000 mm): Segment on Edge.Cuts
    @(288.0825 mm, -332.5525 mm): Polygon of C40 on F.Silkscreen
[silk_edge_clearance]: Silkscreen clipped by board edge
    Rule: board setup constraints silk; warning
    @(190.0000 mm, -230.0000 mm): Segment on Edge.Cuts
    @(289.6265 mm, -332.2815 mm): Polygon of C40 on F.Silkscreen
[silk_edge_clearance]: Silkscreen clipped by board edge
    Rule: board setup constraints silk; warning
    @(190.0000 mm, -230.0000 mm): Segment on Edge.Cuts
    @(288.4610 mm, -338.4125 mm): Polygon of C41 on F.Silkscreen
[silk_edge_clearance]: Silkscreen clipped by board edge
    Rule: board setup constraints silk; warning
    @(190.0000 mm, -230.0000 mm): Segment on Edge.Cuts
    @(288.0685 mm, -344.2725 mm): Polygon of C42 on F.Silkscreen
[silk_edge_clearance]: Silkscreen clipped by board edge
    Rule: board setup constraints silk; warning
    @(190.0000 mm, -230.0000 mm): Segment on Edge.Cuts
    @(289.6405 mm, -344.5855 mm): Polygon of C42 on F.Silkscreen
[silk_edge_clearance]: Silkscreen clipped by board edge
    Rule: board setup constraints silk; warning
    @(190.0000 mm, -230.0000 mm): Segment on Edge.Cuts
    @(288.3630 mm, -350.1325 mm): Polygon of C43 on F.Silkscreen
[silk_edge_clearance]: Silkscreen clipped by board edge
    Rule: board setup constraints silk; warning
    @(190.0000 mm, -230.0000 mm): Segment on Edge.Cuts
    @(289.4700 mm, -349.8905 mm): Polygon of C43 on F.Silkscreen
[silk_edge_clearance]: Silkscreen clipped by board edge
    Rule: board setup constraints silk; warning
    @(190.0000 mm, -230.0000 mm): Segment on Edge.Cuts
    @(288.0585 mm, -355.9925 mm): Polygon of C44 on F.Silkscreen
[silk_edge_clearance]: Silkscreen clipped by board edge
    Rule: board setup constraints silk; warning
    @(190.0000 mm, -230.0000 mm): Segment on Edge.Cuts
    @(288.0705 mm, -361.8525 mm): Polygon of C45 on F.Silkscreen
[silk_edge_clearance]: Silkscreen clipped by board edge
    Rule: board setup constraints silk; warning
    @(360.0000 mm, -240.0000 mm): Segment on Edge.Cuts
    @(289.0535 mm, -361.6705 mm): Polygon of C45 on F.Silkscreen
[silk_edge_clearance]: Silkscreen clipped by board edge
    Rule: board setup constraints silk; warning
    @(190.0000 mm, -230.0000 mm): Segment on Edge.Cuts
    @(288.3890 mm, -141.7615 mm): Polygon of C5 on F.Silkscreen
[silk_edge_clearance]: Silkscreen clipped by board edge
    Rule: board setup constraints silk; warning
    @(530.0000 mm, -350.0000 mm): Segment on Edge.Cuts
    @(289.0160 mm, -142.2725 mm): Polygon of C5 on F.Silkscreen
[silk_edge_clearance]: Silkscreen clipped by board edge
    Rule: board setup constraints silk; warning
    @(190.0000 mm, -230.0000 mm): Segment on Edge.Cuts
    @(288.3890 mm, -147.6215 mm): Polygon of C6 on F.Silkscreen
[silk_edge_clearance]: Silkscreen clipped by board edge
    Rule: board setup constraints silk; warning
    @(530.0000 mm, -350.0000 mm): Segment on Edge.Cuts
    @(289.0160 mm, -148.1325 mm): Polygon of C6 on F.Silkscreen
[silk_edge_clearance]: Silkscreen clipped by board edge
    Rule: board setup constraints silk; warning
    @(190.0000 mm, -230.0000 mm): Segment on Edge.Cuts
    @(288.6260 mm, -153.9925 mm): Polygon of C7 on F.Silkscreen
[silk_edge_clearance]: Silkscreen clipped by board edge
    Rule: board setup constraints silk; warning
    @(190.0000 mm, -230.0000 mm): Segment on Edge.Cuts
    @(288.3890 mm, -159.3415 mm): Polygon of C8 on F.Silkscreen
[silk_edge_clearance]: Silkscreen clipped by board edge
    Rule: board setup constraints silk; warning
    @(190.0000 mm, -230.0000 mm): Segment on Edge.Cuts
    @(289.0160 mm, -159.8525 mm): Polygon of C8 on F.Silkscreen
[silk_edge_clearance]: Silkscreen clipped by board edge
    Rule: board setup constraints silk; warning
    @(190.0000 mm, -230.0000 mm): Segment on Edge.Cuts
    @(288.2740 mm, -165.2015 mm): Polygon of C9 on F.Silkscreen
[silk_edge_clearance]: Silkscreen clipped by board edge
    Rule: board setup constraints silk; warning
    @(190.0000 mm, -230.0000 mm): Segment on Edge.Cuts
    @(289.0540 mm, -165.2015 mm): Polygon of C9 on F.Silkscreen
[silk_edge_clearance]: Silkscreen clipped by board edge
    Rule: board setup constraints silk; warning
    @(530.0000 mm, -350.0000 mm): Segment on Edge.Cuts
    @(289.3470 mm, -165.0515 mm): Polygon of C9 on F.Silkscreen
[padstack]: Padstack is questionable (PTH pad hole leaves no copper)
    Local override; warning
    @(39.2304 mm, -117.8492 mm): PTH pad [<no net>] of 
[padstack]: Padstack is questionable (PTH pad hole leaves no copper)
    Local override; warning
    @(24.8794 mm, -133.8492 mm): PTH pad [<no net>] of 
[padstack]: Padstack is questionable (PTH pad hole leaves no copper)
    Local override; warning
    @(410.7828 mm, -115.8675 mm): PTH pad [GND] of 
[padstack]: Padstack is questionable (PTH pad hole leaves no copper)
    Local override; warning
    @(419.4228 mm, -119.8675 mm): PTH pad [GND] of 
[padstack]: Padstack is questionable (PTH pad hole leaves no copper)
    Local override; warning
    @(419.4228 mm, -115.8675 mm): PTH pad [GND] of 
[padstack]: Padstack is questionable (PTH pad hole leaves no copper)
    Local override; warning
    @(410.7828 mm, -119.7675 mm): PTH pad [GND] of 
[silk_overlap]: Silkscreen clearance
    Rule: board setup constraints silk; warning
    @(330.0700 mm, -189.2255 mm): Polygon on F.Silkscreen
    @(289.4432 mm, -261.5584 mm): Polygon of C26 on F.Silkscreen
[silk_overlap]: Silkscreen clearance
    Rule: board setup constraints silk; warning
    @(330.0700 mm, -189.2255 mm): Polygon on F.Silkscreen
    @(289.6023 mm, -273.4908 mm): Polygon of C28 on F.Silkscreen
[silk_overlap]: Silkscreen clearance
    Rule: board setup constraints silk; warning
    @(289.4919 mm, -279.7276 mm): Polygon of C29 on F.Silkscreen
    @(330.0700 mm, -189.2255 mm): Polygon on F.Silkscreen
[silk_overlap]: Silkscreen clearance
    Rule: board setup constraints silk; warning
    @(331.5400 mm, -227.3855 mm): Polygon of R20 on F.Silkscreen
    @(330.0700 mm, -189.2255 mm): Polygon on F.Silkscreen
[silk_overlap]: Silkscreen clearance
    Rule: board setup constraints silk; warning
    @(330.0700 mm, -189.2255 mm): Polygon on F.Silkscreen
    @(332.8428 mm, -390.6908 mm): Polygon of R48 on F.Silkscreen
[silk_overlap]: Silkscreen clearance
    Rule: board setup constraints silk; warning
    @(330.0700 mm, -189.2255 mm): Polygon on F.Silkscreen
    @(332.1574 mm, -396.9276 mm): Polygon of R49 on F.Silkscreen
[silk_overlap]: Silkscreen clearance
    Rule: board setup constraints silk; warning
    @(331.7190 mm, -373.3905 mm): Polygon of R45 on F.Silkscreen
    @(330.0700 mm, -189.2255 mm): Polygon on F.Silkscreen
[silk_overlap]: Silkscreen clearance
    Rule: board setup constraints silk; warning
    @(330.0700 mm, -189.2255 mm): Polygon on F.Silkscreen
    @(332.2920 mm, -402.6015 mm): Polygon of R50 on F.Silkscreen
[silk_overlap]: Silkscreen clearance
    Rule: board setup constraints silk; warning
    @(330.0700 mm, -189.2255 mm): Polygon on F.Silkscreen
    @(331.7190 mm, -314.7905 mm): Polygon of R35 on F.Silkscreen
[silk_overlap]: Silkscreen clearance
    Rule: board setup constraints silk; warning
    @(330.0700 mm, -189.2255 mm): Polygon on F.Silkscreen
    @(331.7190 mm, -256.1905 mm): Polygon of R25 on F.Silkscreen
[silk_overlap]: Silkscreen clearance
    Rule: board setup constraints silk; warning
    @(330.0700 mm, -189.2255 mm): Polygon on F.Silkscreen
    @(332.2920 mm, -285.4015 mm): Polygon of R30 on F.Silkscreen
[silk_overlap]: Silkscreen clearance
    Rule: board setup constraints silk; warning
    @(330.0700 mm, -189.2255 mm): Polygon on F.Silkscreen
    @(332.3060 mm, -297.7055 mm): Polygon of R32 on F.Silkscreen
[silk_overlap]: Silkscreen clearance
    Rule: board setup constraints silk; warning
    @(332.1087 mm, -320.1584 mm): Polygon of R36 on F.Silkscreen
    @(330.0700 mm, -189.2255 mm): Polygon on F.Silkscreen
[silk_overlap]: Silkscreen clearance
    Rule: board setup constraints silk; warning
    @(330.0700 mm, -189.2255 mm): Polygon on F.Silkscreen
    @(331.5260 mm, -239.1055 mm): Polygon of R22 on F.Silkscreen
[silk_overlap]: Silkscreen clearance
    Rule: board setup constraints silk; warning
    @(330.0700 mm, -189.2255 mm): Polygon on F.Silkscreen
    @(332.3060 mm, -239.1055 mm): Polygon of R22 on F.Silkscreen
[silk_overlap]: Silkscreen clearance
    Rule: board setup constraints silk; warning
    @(330.0700 mm, -189.2255 mm): Polygon on F.Silkscreen
    @(331.7990 mm, -118.3215 mm): Polygon of R1 on F.Silkscreen
[silk_overlap]: Silkscreen clearance
    Rule: board setup constraints silk; warning
    @(330.0700 mm, -189.2255 mm): Polygon on F.Silkscreen
    @(331.7990 mm, -124.1815 mm): Polygon of R2 on F.Silkscreen
[silk_overlap]: Silkscreen clearance
    Rule: board setup constraints silk; warning
    @(330.0700 mm, -189.2255 mm): Polygon on F.Silkscreen
    @(331.6435 mm, -233.2455 mm): Polygon of R21 on F.Silkscreen
[silk_overlap]: Silkscreen clearance
    Rule: board setup constraints silk; warning
    @(330.0700 mm, -189.2255 mm): Polygon on F.Silkscreen
    @(331.7990 mm, -130.0415 mm): Polygon of R3 on F.Silkscreen
[silk_overlap]: Silkscreen clearance
    Rule: board setup constraints silk; warning
    @(330.0700 mm, -189.2255 mm): Polygon on F.Silkscreen
    @(331.0690 mm, -320.5905 mm): Polygon of R36 on F.Silkscreen
[silk_overlap]: Silkscreen clearance
    Rule: board setup constraints silk; warning
    @(330.0700 mm, -189.2255 mm): Polygon on F.Silkscreen
    @(289.9015 mm, -285.4015 mm): Polygon of C30 on F.Silkscreen
[silk_overlap]: Silkscreen clearance
    Rule: board setup constraints silk; warning
    @(330.0700 mm, -189.2255 mm): Polygon on F.Silkscreen
    @(331.5280 mm, -256.6855 mm): Polygon of R25 on F.Silkscreen
[silk_overlap]: Silkscreen clearance
    Rule: board setup constraints silk; warning
    @(330.0700 mm, -189.2255 mm): Polygon on F.Silkscreen
    @(331.5340 mm, -262.5455 mm): Polygon of R26 on F.Silkscreen
[silk_overlap]: Silkscreen clearance
    Rule: board setup constraints silk; warning
    @(330.0700 mm, -189.2255 mm): Polygon on F.Silkscreen
    @(331.5460 mm, -280.1255 mm): Polygon of R29 on F.Silkscreen
[silk_overlap]: Silkscreen clearance
    Rule: board setup constraints silk; warning
    @(331.8055 mm, -268.4055 mm): Polygon of R27 on F.Silkscreen
    @(330.0700 mm, -189.2255 mm): Polygon on F.Silkscreen
[silk_overlap]: Silkscreen clearance
    Rule: board setup constraints silk; warning
    @(330.0700 mm, -189.2255 mm): Polygon on F.Silkscreen
    @(331.8136 mm, -274.2655 mm): Polygon of R28 on F.Silkscreen
[silk_overlap]: Silkscreen clearance
    Rule: board setup constraints silk; warning
    @(330.0700 mm, -189.2255 mm): Polygon on F.Silkscreen
    @(332.7980 mm, -171.5355 mm): Polygon of R10 on F.Silkscreen
[silk_overlap]: Silkscreen clearance
    Rule: board setup constraints silk; warning
    @(330.0700 mm, -189.2255 mm): Polygon on F.Silkscreen
    @(332.5428 mm, -332.0908 mm): Polygon of R38 on F.Silkscreen
[silk_overlap]: Silkscreen clearance
    Rule: board setup constraints silk; warning
    @(332.4324 mm, -338.3276 mm): Polygon of R39 on F.Silkscreen
    @(330.0700 mm, -189.2255 mm): Polygon on F.Silkscreen
[silk_overlap]: Silkscreen clearance
    Rule: board setup constraints silk; warning
    @(330.0700 mm, -189.2255 mm): Polygon on F.Silkscreen
    @(331.0630 mm, -314.7305 mm): Polygon of R35 on F.Silkscreen
[silk_overlap]: Silkscreen clearance
    Rule: board setup constraints silk; warning
    @(330.0700 mm, -189.2255 mm): Polygon on F.Silkscreen
    @(332.7980 mm, -177.3955 mm): Polygon of R11 on F.Silkscreen
[silk_overlap]: Silkscreen clearance
    Rule: board setup constraints silk; warning
    @(330.0700 mm, -189.2255 mm): Polygon on F.Silkscreen
    @(332.7980 mm, -183.2555 mm): Polygon of R12 on F.Silkscreen
[silk_overlap]: Silkscreen clearance
    Rule: board setup constraints silk; warning
    @(330.0700 mm, -189.2255 mm): Polygon on F.Silkscreen
    @(332.3400 mm, -189.1155 mm): Polygon of R13 on F.Silkscreen
[silk_overlap]: Silkscreen clearance
    Rule: board setup constraints silk; warning
    @(330.0700 mm, -189.2255 mm): Polygon on F.Silkscreen
    @(332.2920 mm, -344.0015 mm): Polygon of R40 on F.Silkscreen
[silk_overlap]: Silkscreen clearance
    Rule: board setup constraints silk; warning
    @(332.4355 mm, -361.6105 mm): Polygon of R43 on F.Silkscreen
    @(330.0700 mm, -189.2255 mm): Polygon on F.Silkscreen
[silk_overlap]: Silkscreen clearance
    Rule: board setup constraints silk; warning
    @(330.0700 mm, -189.2255 mm): Polygon on F.Silkscreen
    @(289.6265 mm, -332.2815 mm): Polygon of C40 on F.Silkscreen
[silk_overlap]: Silkscreen clearance
    Rule: board setup constraints silk; warning
    @(330.0700 mm, -189.2255 mm): Polygon on F.Silkscreen
    @(289.4919 mm, -326.6076 mm): Polygon of C39 on F.Silkscreen
[silk_overlap]: Silkscreen clearance
    Rule: board setup constraints silk; warning
    @(330.0700 mm, -189.2255 mm): Polygon on F.Silkscreen
    @(289.4700 mm, -349.8905 mm): Polygon of C43 on F.Silkscreen
[silk_overlap]: Silkscreen clearance
    Rule: board setup constraints silk; warning
    @(330.0700 mm, -189.2255 mm): Polygon on F.Silkscreen
    @(331.3486 mm, -332.3105 mm): Polygon of R38 on F.Silkscreen
[silk_overlap]: Silkscreen clearance
    Rule: board setup constraints silk; warning
    @(330.0700 mm, -189.2255 mm): Polygon on F.Silkscreen
    @(331.3560 mm, -338.1705 mm): Polygon of R39 on F.Silkscreen
[silk_overlap]: Silkscreen clearance
    Rule: board setup constraints silk; warning
    @(289.4432 mm, -308.4384 mm): Polygon of C36 on F.Silkscreen
    @(330.0700 mm, -189.2255 mm): Polygon on F.Silkscreen
[silk_overlap]: Silkscreen clearance
    Rule: board setup constraints silk; warning
    @(330.0700 mm, -189.2255 mm): Polygon on F.Silkscreen
    @(331.0655 mm, -326.4505 mm): Polygon of R37 on F.Silkscreen
[silk_overlap]: Silkscreen clearance
    Rule: board setup constraints silk; warning
    @(331.0570 mm, -188.6415 mm): Polygon of R13 on F.Silkscreen
    @(330.0700 mm, -189.2255 mm): Polygon on F.Silkscreen
[silk_overlap]: Silkscreen clearance
    Rule: board setup constraints silk; warning
    @(330.0700 mm, -189.2255 mm): Polygon on F.Silkscreen
    @(331.0610 mm, -297.1505 mm): Polygon of R32 on F.Silkscreen
[silk_overlap]: Silkscreen clearance
    Rule: board setup constraints silk; warning
    @(330.0700 mm, -189.2255 mm): Polygon on F.Silkscreen
    @(331.0805 mm, -303.0105 mm): Polygon of R33 on F.Silkscreen
[silk_overlap]: Silkscreen clearance
    Rule: board setup constraints silk; warning
    @(330.0700 mm, -189.2255 mm): Polygon on F.Silkscreen
    @(289.8773 mm, -320.3708 mm): Polygon of C38 on F.Silkscreen
[silk_overlap]: Silkscreen clearance
    Rule: board setup constraints silk; warning
    @(330.0700 mm, -189.2255 mm): Polygon on F.Silkscreen
    @(332.1087 mm, -261.5584 mm): Polygon of R26 on F.Silkscreen
[silk_overlap]: Silkscreen clearance
    Rule: board setup constraints silk; warning
    @(330.0700 mm, -189.2255 mm): Polygon on F.Silkscreen
    @(332.1574 mm, -279.7276 mm): Polygon of R29 on F.Silkscreen
[silk_overlap]: Silkscreen clearance
    Rule: board setup constraints silk; warning
    @(330.0700 mm, -189.2255 mm): Polygon on F.Silkscreen
    @(331.8605 mm, -303.0105 mm): Polygon of R33 on F.Silkscreen
[silk_overlap]: Silkscreen clearance
    Rule: board setup constraints silk; warning
    @(330.0700 mm, -189.2255 mm): Polygon on F.Silkscreen
    @(331.0510 mm, -308.8705 mm): Polygon of R34 on F.Silkscreen
[silk_overlap]: Silkscreen clearance
    Rule: board setup constraints silk; warning
    @(332.1574 mm, -221.1276 mm): Polygon of R19 on F.Silkscreen
    @(330.0700 mm, -189.2255 mm): Polygon on F.Silkscreen
[silk_overlap]: Silkscreen clearance
    Rule: board setup constraints silk; warning
    @(330.0700 mm, -189.2255 mm): Polygon on F.Silkscreen
    @(331.8605 mm, -244.4105 mm): Polygon of R23 on F.Silkscreen
[silk_overlap]: Silkscreen clearance
    Rule: board setup constraints silk; warning
    @(330.0700 mm, -189.2255 mm): Polygon on F.Silkscreen
    @(332.5428 mm, -273.4908 mm): Polygon of R28 on F.Silkscreen
[silk_overlap]: Silkscreen clearance
    Rule: board setup constraints silk; warning
    @(330.0700 mm, -189.2255 mm): Polygon on F.Silkscreen
    @(332.2920 mm, -226.8015 mm): Polygon of R20 on F.Silkscreen
[silk_overlap]: Silkscreen clearance
    Rule: board setup constraints silk; warning
    @(330.0700 mm, -189.2255 mm): Polygon on F.Silkscreen
    @(332.6837 mm, -378.7584 mm): Polygon of R46 on F.Silkscreen
[silk_overlap]: Silkscreen clearance
    Rule: board setup constraints silk; warning
    @(330.0700 mm, -189.2255 mm): Polygon on F.Silkscreen
    @(289.3285 mm, -303.0705 mm): Polygon of C35 on F.Silkscreen
[silk_overlap]: Silkscreen clearance
    Rule: board setup constraints silk; warning
    @(330.0700 mm, -189.2255 mm): Polygon on F.Silkscreen
    @(289.6405 mm, -297.7055 mm): Polygon of C32 on F.Silkscreen
[silk_overlap]: Silkscreen clearance
    Rule: board setup constraints silk; warning
    @(331.0750 mm, -285.4305 mm): Polygon of R30 on F.Silkscreen
    @(330.0700 mm, -189.2255 mm): Polygon on F.Silkscreen
[silk_overlap]: Silkscreen clearance
    Rule: board setup constraints silk; warning
    @(330.0700 mm, -189.2255 mm): Polygon on F.Silkscreen
    @(331.1785 mm, -291.2905 mm): Polygon of R31 on F.Silkscreen
[silk_overlap]: Silkscreen clearance
    Rule: board setup constraints silk; warning
    @(330.0700 mm, -189.2255 mm): Polygon on F.Silkscreen
    @(289.0535 mm, -256.1905 mm): Polygon of C25 on F.Silkscreen
[silk_overlap]: Silkscreen clearance
    Rule: board setup constraints silk; warning
    @(330.0700 mm, -189.2255 mm): Polygon on F.Silkscreen
    @(331.5455 mm, -244.9655 mm): Polygon of R23 on F.Silkscreen
[silk_overlap]: Silkscreen clearance
    Rule: board setup constraints silk; warning
    @(330.0700 mm, -189.2255 mm): Polygon on F.Silkscreen
    @(331.5160 mm, -250.8255 mm): Polygon of R24 on F.Silkscreen
[silk_overlap]: Silkscreen clearance
    Rule: board setup constraints silk; warning
    @(330.0700 mm, -189.2255 mm): Polygon on F.Silkscreen
    @(332.3400 mm, -142.2355 mm): Polygon of R5 on F.Silkscreen
[silk_overlap]: Silkscreen clearance
    Rule: board setup constraints silk; warning
    @(330.0700 mm, -189.2255 mm): Polygon on F.Silkscreen
    @(332.3400 mm, -148.0955 mm): Polygon of R6 on F.Silkscreen
[silk_overlap]: Silkscreen clearance
    Rule: board setup constraints silk; warning
    @(330.0700 mm, -189.2255 mm): Polygon on F.Silkscreen
    @(332.7980 mm, -159.8155 mm): Polygon of R8 on F.Silkscreen
[silk_overlap]: Silkscreen clearance
    Rule: board setup constraints silk; warning
    @(330.0700 mm, -189.2255 mm): Polygon on F.Silkscreen
    @(332.7980 mm, -165.6755 mm): Polygon of R9 on F.Silkscreen
[silk_overlap]: Silkscreen clearance
    Rule: board setup constraints silk; warning
    @(289.4432 mm, -261.5584 mm): Polygon of C26 on F.Silkscreen
    @(331.3105 mm, -186.3655 mm): Polygon on F.Silkscreen
[silk_overlap]: Silkscreen clearance
    Rule: board setup constraints silk; warning
    @(289.6023 mm, -273.4908 mm): Polygon of C28 on F.Silkscreen
    @(331.3105 mm, -186.3655 mm): Polygon on F.Silkscreen
[silk_overlap]: Silkscreen clearance
    Rule: board setup constraints silk; warning
    @(289.4919 mm, -279.7276 mm): Polygon of C29 on F.Silkscreen
    @(331.3105 mm, -186.3655 mm): Polygon on F.Silkscreen
[silk_overlap]: Silkscreen clearance
    Rule: board setup constraints silk; warning
    @(331.5400 mm, -227.3855 mm): Polygon of R20 on F.Silkscreen
    @(331.3105 mm, -186.3655 mm): Polygon on F.Silkscreen
[silk_overlap]: Silkscreen clearance
    Rule: board setup constraints silk; warning
    @(332.8428 mm, -390.6908 mm): Polygon of R48 on F.Silkscreen
    @(331.3105 mm, -186.3655 mm): Polygon on F.Silkscreen
[silk_overlap]: Silkscreen clearance
    Rule: board setup constraints silk; warning
    @(332.1574 mm, -396.9276 mm): Polygon of R49 on F.Silkscreen
    @(331.3105 mm, -186.3655 mm): Polygon on F.Silkscreen
[silk_overlap]: Silkscreen clearance
    Rule: board setup constraints silk; warning
    @(331.7190 mm, -373.3905 mm): Polygon of R45 on F.Silkscreen
    @(331.3105 mm, -186.3655 mm): Polygon on F.Silkscreen
[silk_overlap]: Silkscreen clearance
    Rule: board setup constraints silk; warning
    @(332.2920 mm, -402.6015 mm): Polygon of R50 on F.Silkscreen
    @(331.3105 mm, -186.3655 mm): Polygon on F.Silkscreen
[silk_overlap]: Silkscreen clearance
    Rule: board setup constraints silk; warning
    @(331.7190 mm, -314.7905 mm): Polygon of R35 on F.Silkscreen
    @(331.3105 mm, -186.3655 mm): Polygon on F.Silkscreen
[silk_overlap]: Silkscreen clearance
    Rule: board setup constraints silk; warning
    @(331.7190 mm, -256.1905 mm): Polygon of R25 on F.Silkscreen
    @(331.3105 mm, -186.3655 mm): Polygon on F.Silkscreen
[silk_overlap]: Silkscreen clearance
    Rule: board setup constraints silk; warning
    @(332.2920 mm, -285.4015 mm): Polygon of R30 on F.Silkscreen
    @(331.3105 mm, -186.3655 mm): Polygon on F.Silkscreen
[silk_overlap]: Silkscreen clearance
    Rule: board setup constraints silk; warning
    @(332.3060 mm, -297.7055 mm): Polygon of R32 on F.Silkscreen
    @(331.3105 mm, -186.3655 mm): Polygon on F.Silkscreen
[silk_overlap]: Silkscreen clearance
    Rule: board setup constraints silk; warning
    @(332.1087 mm, -320.1584 mm): Polygon of R36 on F.Silkscreen
    @(331.3105 mm, -186.3655 mm): Polygon on F.Silkscreen
[silk_overlap]: Silkscreen clearance
    Rule: board setup constraints silk; warning
    @(331.5260 mm, -239.1055 mm): Polygon of R22 on F.Silkscreen
    @(331.3105 mm, -186.3655 mm): Polygon on F.Silkscreen
[silk_overlap]: Silkscreen clearance
    Rule: board setup constraints silk; warning
    @(332.3060 mm, -239.1055 mm): Polygon of R22 on F.Silkscreen
    @(331.3105 mm, -186.3655 mm): Polygon on F.Silkscreen
[silk_overlap]: Silkscreen clearance
    Rule: board setup constraints silk; warning
    @(331.7990 mm, -118.3215 mm): Polygon of R1 on F.Silkscreen
    @(331.3105 mm, -186.3655 mm): Polygon on F.Silkscreen
[silk_overlap]: Silkscreen clearance
    Rule: board setup constraints silk; warning
    @(331.7990 mm, -124.1815 mm): Polygon of R2 on F.Silkscreen
    @(331.3105 mm, -186.3655 mm): Polygon on F.Silkscreen
[silk_overlap]: Silkscreen clearance
    Rule: board setup constraints silk; warning
    @(331.6435 mm, -233.2455 mm): Polygon of R21 on F.Silkscreen
    @(331.3105 mm, -186.3655 mm): Polygon on F.Silkscreen
[silk_overlap]: Silkscreen clearance
    Rule: board setup constraints silk; warning
    @(331.7990 mm, -130.0415 mm): Polygon of R3 on F.Silkscreen
    @(331.3105 mm, -186.3655 mm): Polygon on F.Silkscreen
[silk_overlap]: Silkscreen clearance
    Rule: board setup constraints silk; warning
    @(331.0690 mm, -320.5905 mm): Polygon of R36 on F.Silkscreen
    @(331.3105 mm, -186.3655 mm): Polygon on F.Silkscreen
[silk_overlap]: Silkscreen clearance
    Rule: board setup constraints silk; warning
    @(289.9015 mm, -285.4015 mm): Polygon of C30 on F.Silkscreen
    @(331.3105 mm, -186.3655 mm): Polygon on F.Silkscreen
[silk_overlap]: Silkscreen clearance
    Rule: board setup constraints silk; warning
    @(331.5280 mm, -256.6855 mm): Polygon of R25 on F.Silkscreen
    @(331.3105 mm, -186.3655 mm): Polygon on F.Silkscreen
[silk_overlap]: Silkscreen clearance
    Rule: board setup constraints silk; warning
    @(331.5340 mm, -262.5455 mm): Polygon of R26 on F.Silkscreen
    @(331.3105 mm, -186.3655 mm): Polygon on F.Silkscreen
[silk_overlap]: Silkscreen clearance
    Rule: board setup constraints silk; warning
    @(331.5460 mm, -280.1255 mm): Polygon of R29 on F.Silkscreen
    @(331.3105 mm, -186.3655 mm): Polygon on F.Silkscreen
[silk_overlap]: Silkscreen clearance
    Rule: board setup constraints silk; warning
    @(331.8055 mm, -268.4055 mm): Polygon of R27 on F.Silkscreen
    @(331.3105 mm, -186.3655 mm): Polygon on F.Silkscreen
[silk_overlap]: Silkscreen clearance
    Rule: board setup constraints silk; warning
    @(331.8136 mm, -274.2655 mm): Polygon of R28 on F.Silkscreen
    @(331.3105 mm, -186.3655 mm): Polygon on F.Silkscreen
[silk_overlap]: Silkscreen clearance
    Rule: board setup constraints silk; warning
    @(332.7980 mm, -171.5355 mm): Polygon of R10 on F.Silkscreen
    @(331.3105 mm, -186.3655 mm): Polygon on F.Silkscreen
[silk_overlap]: Silkscreen clearance
    Rule: board setup constraints silk; warning
    @(331.3105 mm, -186.3655 mm): Polygon on F.Silkscreen
    @(332.5428 mm, -332.0908 mm): Polygon of R38 on F.Silkscreen
[silk_overlap]: Silkscreen clearance
    Rule: board setup constraints silk; warning
    @(332.4324 mm, -338.3276 mm): Polygon of R39 on F.Silkscreen
    @(331.3105 mm, -186.3655 mm): Polygon on F.Silkscreen
[silk_overlap]: Silkscreen clearance
    Rule: board setup constraints silk; warning
    @(331.0630 mm, -314.7305 mm): Polygon of R35 on F.Silkscreen
    @(331.3105 mm, -186.3655 mm): Polygon on F.Silkscreen
[silk_overlap]: Silkscreen clearance
    Rule: board setup constraints silk; warning
    @(332.7980 mm, -177.3955 mm): Polygon of R11 on F.Silkscreen
    @(331.3105 mm, -186.3655 mm): Polygon on F.Silkscreen
[silk_overlap]: Silkscreen clearance
    Rule: board setup constraints silk; warning
    @(331.3105 mm, -186.3655 mm): Polygon on F.Silkscreen
    @(332.7980 mm, -183.2555 mm): Polygon of R12 on F.Silkscreen
[silk_overlap]: Silkscreen clearance
    Rule: board setup constraints silk; warning
    @(332.2920 mm, -344.0015 mm): Polygon of R40 on F.Silkscreen
    @(331.3105 mm, -186.3655 mm): Polygon on F.Silkscreen
[silk_overlap]: Silkscreen clearance
    Rule: board setup constraints silk; warning
    @(332.4355 mm, -361.6105 mm): Polygon of R43 on F.Silkscreen
    @(331.3105 mm, -186.3655 mm): Polygon on F.Silkscreen
[silk_overlap]: Silkscreen clearance
    Rule: board setup constraints silk; warning
    @(289.6265 mm, -332.2815 mm): Polygon of C40 on F.Silkscreen
    @(331.3105 mm, -186.3655 mm): Polygon on F.Silkscreen
[silk_overlap]: Silkscreen clearance
    Rule: board setup constraints silk; warning
    @(289.4919 mm, -326.6076 mm): Polygon of C39 on F.Silkscreen
    @(331.3105 mm, -186.3655 mm): Polygon on F.Silkscreen
[silk_overlap]: Silkscreen clearance
    Rule: board setup constraints silk; warning
    @(331.3105 mm, -186.3655 mm): Polygon on F.Silkscreen
    @(289.4700 mm, -349.8905 mm): Polygon of C43 on F.Silkscreen
[silk_overlap]: Silkscreen clearance
    Rule: board setup constraints silk; warning
    @(331.3486 mm, -332.3105 mm): Polygon of R38 on F.Silkscreen
    @(331.3105 mm, -186.3655 mm): Polygon on F.Silkscreen
[silk_overlap]: Silkscreen clearance
    Rule: board setup constraints silk; warning
    @(331.3560 mm, -338.1705 mm): Polygon of R39 on F.Silkscreen
    @(331.3105 mm, -186.3655 mm): Polygon on F.Silkscreen
[silk_overlap]: Silkscreen clearance
    Rule: board setup constraints silk; warning
    @(289.4432 mm, -308.4384 mm): Polygon of C36 on F.Silkscreen
    @(331.3105 mm, -186.3655 mm): Polygon on F.Silkscreen
[silk_overlap]: Silkscreen clearance
    Rule: board setup constraints silk; warning
    @(331.0655 mm, -326.4505 mm): Polygon of R37 on F.Silkscreen
    @(331.3105 mm, -186.3655 mm): Polygon on F.Silkscreen
[silk_overlap]: Silkscreen clearance
    Rule: board setup constraints silk; warning
    @(331.3105 mm, -186.3655 mm): Polygon on F.Silkscreen
    @(331.0610 mm, -297.1505 mm): Polygon of R32 on F.Silkscreen
[silk_overlap]: Silkscreen clearance
    Rule: board setup constraints silk; warning
    @(331.0805 mm, -303.0105 mm): Polygon of R33 on F.Silkscreen
    @(331.3105 mm, -186.3655 mm): Polygon on F.Silkscreen
[silk_overlap]: Silkscreen clearance
    Rule: board setup constraints silk; warning
    @(331.3105 mm, -186.3655 mm): Polygon on F.Silkscreen
    @(289.8773 mm, -320.3708 mm): Polygon of C38 on F.Silkscreen
[silk_overlap]: Silkscreen clearance
    Rule: board setup constraints silk; warning
    @(332.1087 mm, -261.5584 mm): Polygon of R26 on F.Silkscreen
    @(331.3105 mm, -186.3655 mm): Polygon on F.Silkscreen
[silk_overlap]: Silkscreen clearance
    Rule: board setup constraints silk; warning
    @(331.3105 mm, -186.3655 mm): Polygon on F.Silkscreen
    @(332.1574 mm, -279.7276 mm): Polygon of R29 on F.Silkscreen
[silk_overlap]: Silkscreen clearance
    Rule: board setup constraints silk; warning
    @(331.3105 mm, -186.3655 mm): Polygon on F.Silkscreen
    @(331.8605 mm, -303.0105 mm): Polygon of R33 on F.Silkscreen
[silk_overlap]: Silkscreen clearance
    Rule: board setup constraints silk; warning
    @(331.3105 mm, -186.3655 mm): Polygon on F.Silkscreen
    @(331.0510 mm, -308.8705 mm): Polygon of R34 on F.Silkscreen
[silk_overlap]: Silkscreen clearance
    Rule: board setup constraints silk; warning
    @(332.1574 mm, -221.1276 mm): Polygon of R19 on F.Silkscreen
    @(331.3105 mm, -186.3655 mm): Polygon on F.Silkscreen
[silk_overlap]: Silkscreen clearance
    Rule: board setup constraints silk; warning
    @(331.8605 mm, -244.4105 mm): Polygon of R23 on F.Silkscreen
    @(331.3105 mm, -186.3655 mm): Polygon on F.Silkscreen
[silk_overlap]: Silkscreen clearance
    Rule: board setup constraints silk; warning
    @(332.5428 mm, -273.4908 mm): Polygon of R28 on F.Silkscreen
    @(331.3105 mm, -186.3655 mm): Polygon on F.Silkscreen
[silk_overlap]: Silkscreen clearance
    Rule: board setup constraints silk; warning
    @(332.2920 mm, -226.8015 mm): Polygon of R20 on F.Silkscreen
    @(331.3105 mm, -186.3655 mm): Polygon on F.Silkscreen
[silk_overlap]: Silkscreen clearance
    Rule: board setup constraints silk; warning
    @(332.6837 mm, -378.7584 mm): Polygon of R46 on F.Silkscreen
    @(331.3105 mm, -186.3655 mm): Polygon on F.Silkscreen
[silk_overlap]: Silkscreen clearance
    Rule: board setup constraints silk; warning
    @(289.3285 mm, -303.0705 mm): Polygon of C35 on F.Silkscreen
    @(331.3105 mm, -186.3655 mm): Polygon on F.Silkscreen
[silk_overlap]: Silkscreen clearance
    Rule: board setup constraints silk; warning
    @(289.6405 mm, -297.7055 mm): Polygon of C32 on F.Silkscreen
    @(331.3105 mm, -186.3655 mm): Polygon on F.Silkscreen
[silk_overlap]: Silkscreen clearance
    Rule: board setup constraints silk; warning
    @(331.0750 mm, -285.4305 mm): Polygon of R30 on F.Silkscreen
    @(331.3105 mm, -186.3655 mm): Polygon on F.Silkscreen
[silk_overlap]: Silkscreen clearance
    Rule: board setup constraints silk; warning
    @(331.1785 mm, -291.2905 mm): Polygon of R31 on F.Silkscreen
    @(331.3105 mm, -186.3655 mm): Polygon on F.Silkscreen
[silk_overlap]: Silkscreen clearance
    Rule: board setup constraints silk; warning
    @(331.3105 mm, -186.3655 mm): Polygon on F.Silkscreen
    @(289.0535 mm, -256.1905 mm): Polygon of C25 on F.Silkscreen
[silk_overlap]: Silkscreen clearance
    Rule: board setup constraints silk; warning
    @(331.5455 mm, -244.9655 mm): Polygon of R23 on F.Silkscreen
    @(331.3105 mm, -186.3655 mm): Polygon on F.Silkscreen
[silk_overlap]: Silkscreen clearance
    Rule: board setup constraints silk; warning
    @(331.5160 mm, -250.8255 mm): Polygon of R24 on F.Silkscreen
    @(331.3105 mm, -186.3655 mm): Polygon on F.Silkscreen
[silk_overlap]: Silkscreen clearance
    Rule: board setup constraints silk; warning
    @(332.3400 mm, -142.2355 mm): Polygon of R5 on F.Silkscreen
    @(331.3105 mm, -186.3655 mm): Polygon on F.Silkscreen
[silk_overlap]: Silkscreen clearance
    Rule: board setup constraints silk; warning
    @(332.3400 mm, -148.0955 mm): Polygon of R6 on F.Silkscreen
    @(331.3105 mm, -186.3655 mm): Polygon on F.Silkscreen
[silk_overlap]: Silkscreen clearance
    Rule: board setup constraints silk; warning
    @(332.7980 mm, -159.8155 mm): Polygon of R8 on F.Silkscreen
    @(331.3105 mm, -186.3655 mm): Polygon on F.Silkscreen
[silk_overlap]: Silkscreen clearance
    Rule: board setup constraints silk; warning
    @(332.7980 mm, -165.6755 mm): Polygon of R9 on F.Silkscreen
    @(331.3105 mm, -186.3655 mm): Polygon on F.Silkscreen
[silk_overlap]: Silkscreen clearance
    Rule: board setup constraints silk; warning
    @(289.4432 mm, -261.5584 mm): Polygon of C26 on F.Silkscreen
    @(331.2930 mm, -198.0855 mm): Polygon on F.Silkscreen
[silk_overlap]: Silkscreen clearance
    Rule: board setup constraints silk; warning
    @(331.2930 mm, -198.0855 mm): Polygon on F.Silkscreen
    @(289.6023 mm, -273.4908 mm): Polygon of C28 on F.Silkscreen
[silk_overlap]: Silkscreen clearance
    Rule: board setup constraints silk; warning
    @(289.4919 mm, -279.7276 mm): Polygon of C29 on F.Silkscreen
    @(331.2930 mm, -198.0855 mm): Polygon on F.Silkscreen
[silk_overlap]: Silkscreen clearance
    Rule: board setup constraints silk; warning
    @(331.5400 mm, -227.3855 mm): Polygon of R20 on F.Silkscreen
    @(331.2930 mm, -198.0855 mm): Polygon on F.Silkscreen
[silk_overlap]: Silkscreen clearance
    Rule: board setup constraints silk; warning
    @(332.8428 mm, -390.6908 mm): Polygon of R48 on F.Silkscreen
    @(331.2930 mm, -198.0855 mm): Polygon on F.Silkscreen
[silk_overlap]: Silkscreen clearance
    Rule: board setup constraints silk; warning
    @(332.1574 mm, -396.9276 mm): Polygon of R49 on F.Silkscreen
    @(331.2930 mm, -198.0855 mm): Polygon on F.Silkscreen
[silk_overlap]: Silkscreen clearance
    Rule: board setup constraints silk; warning
    @(331.7190 mm, -373.3905 mm): Polygon of R45 on F.Silkscreen
    @(331.2930 mm, -198.0855 mm): Polygon on F.Silkscreen
[silk_overlap]: Silkscreen clearance
    Rule: board setup constraints silk; warning
    @(332.2920 mm, -402.6015 mm): Polygon of R50 on F.Silkscreen
    @(331.2930 mm, -198.0855 mm): Polygon on F.Silkscreen
[silk_overlap]: Silkscreen clearance
    Rule: board setup constraints silk; warning
    @(331.7190 mm, -314.7905 mm): Polygon of R35 on F.Silkscreen
    @(331.2930 mm, -198.0855 mm): Polygon on F.Silkscreen
[silk_overlap]: Silkscreen clearance
    Rule: board setup constraints silk; warning
    @(331.7190 mm, -256.1905 mm): Polygon of R25 on F.Silkscreen
    @(331.2930 mm, -198.0855 mm): Polygon on F.Silkscreen
[silk_overlap]: Silkscreen clearance
    Rule: board setup constraints silk; warning
    @(332.2920 mm, -285.4015 mm): Polygon of R30 on F.Silkscreen
    @(331.2930 mm, -198.0855 mm): Polygon on F.Silkscreen
[silk_overlap]: Silkscreen clearance
    Rule: board setup constraints silk; warning
    @(331.2930 mm, -198.0855 mm): Polygon on F.Silkscreen
    @(332.3060 mm, -297.7055 mm): Polygon of R32 on F.Silkscreen
[silk_overlap]: Silkscreen clearance
    Rule: board setup constraints silk; warning
    @(332.1087 mm, -320.1584 mm): Polygon of R36 on F.Silkscreen
    @(331.2930 mm, -198.0855 mm): Polygon on F.Silkscreen
[silk_overlap]: Silkscreen clearance
    Rule: board setup constraints silk; warning
    @(331.5260 mm, -239.1055 mm): Polygon of R22 on F.Silkscreen
    @(331.2930 mm, -198.0855 mm): Polygon on F.Silkscreen
[silk_overlap]: Silkscreen clearance
    Rule: board setup constraints silk; warning
    @(332.3060 mm, -239.1055 mm): Polygon of R22 on F.Silkscreen
    @(331.2930 mm, -198.0855 mm): Polygon on F.Silkscreen
[silk_overlap]: Silkscreen clearance
    Rule: board setup constraints silk; warning
    @(331.7990 mm, -118.3215 mm): Polygon of R1 on F.Silkscreen
    @(331.2930 mm, -198.0855 mm): Polygon on F.Silkscreen
[silk_overlap]: Silkscreen clearance
    Rule: board setup constraints silk; warning
    @(331.7990 mm, -124.1815 mm): Polygon of R2 on F.Silkscreen
    @(331.2930 mm, -198.0855 mm): Polygon on F.Silkscreen
[silk_overlap]: Silkscreen clearance
    Rule: board setup constraints silk; warning
    @(331.2930 mm, -198.0855 mm): Polygon on F.Silkscreen
    @(331.6435 mm, -233.2455 mm): Polygon of R21 on F.Silkscreen
[silk_overlap]: Silkscreen clearance
    Rule: board setup constraints silk; warning
    @(331.2930 mm, -198.0855 mm): Polygon on F.Silkscreen
    @(331.7990 mm, -130.0415 mm): Polygon of R3 on F.Silkscreen
[silk_overlap]: Silkscreen clearance
    Rule: board setup constraints silk; warning
    @(331.0690 mm, -320.5905 mm): Polygon of R36 on F.Silkscreen
    @(331.2930 mm, -198.0855 mm): Polygon on F.Silkscreen
[silk_overlap]: Silkscreen clearance
    Rule: board setup constraints silk; warning
    @(331.2930 mm, -198.0855 mm): Polygon on F.Silkscreen
    @(289.9015 mm, -285.4015 mm): Polygon of C30 on F.Silkscreen
[silk_overlap]: Silkscreen clearance
    Rule: board setup constraints silk; warning
    @(331.5280 mm, -256.6855 mm): Polygon of R25 on F.Silkscreen
    @(331.2930 mm, -198.0855 mm): Polygon on F.Silkscreen
[silk_overlap]: Silkscreen clearance
    Rule: board setup constraints silk; warning
    @(331.5340 mm, -262.5455 mm): Polygon of R26 on F.Silkscreen
    @(331.2930 mm, -198.0855 mm): Polygon on F.Silkscreen
[silk_overlap]: Silkscreen clearance
    Rule: board setup constraints silk; warning
    @(331.5460 mm, -280.1255 mm): Polygon of R29 on F.Silkscreen
    @(331.2930 mm, -198.0855 mm): Polygon on F.Silkscreen
[silk_overlap]: Silkscreen clearance
    Rule: board setup constraints silk; warning
    @(331.8055 mm, -268.4055 mm): Polygon of R27 on F.Silkscreen
    @(331.2930 mm, -198.0855 mm): Polygon on F.Silkscreen
[silk_overlap]: Silkscreen clearance
    Rule: board setup constraints silk; warning
    @(331.8136 mm, -274.2655 mm): Polygon of R28 on F.Silkscreen
    @(331.2930 mm, -198.0855 mm): Polygon on F.Silkscreen
[silk_overlap]: Silkscreen clearance
    Rule: board setup constraints silk; warning
    @(332.7980 mm, -171.5355 mm): Polygon of R10 on F.Silkscreen
    @(331.2930 mm, -198.0855 mm): Polygon on F.Silkscreen
[silk_overlap]: Silkscreen clearance
    Rule: board setup constraints silk; warning
    @(331.2930 mm, -198.0855 mm): Polygon on F.Silkscreen
    @(332.5428 mm, -332.0908 mm): Polygon of R38 on F.Silkscreen
[silk_overlap]: Silkscreen clearance
    Rule: board setup constraints silk; warning
    @(332.4324 mm, -338.3276 mm): Polygon of R39 on F.Silkscreen
    @(331.2930 mm, -198.0855 mm): Polygon on F.Silkscreen
[silk_overlap]: Silkscreen clearance
    Rule: board setup constraints silk; warning
    @(331.2930 mm, -198.0855 mm): Polygon on F.Silkscreen
    @(331.0630 mm, -314.7305 mm): Polygon of R35 on F.Silkscreen
[silk_overlap]: Silkscreen clearance
    Rule: board setup constraints silk; warning
    @(332.7980 mm, -177.3955 mm): Polygon of R11 on F.Silkscreen
    @(331.2930 mm, -198.0855 mm): Polygon on F.Silkscreen
[silk_overlap]: Silkscreen clearance
    Rule: board setup constraints silk; warning
    @(331.2930 mm, -198.0855 mm): Polygon on F.Silkscreen
    @(332.7980 mm, -183.2555 mm): Polygon of R12 on F.Silkscreen
[silk_overlap]: Silkscreen clearance
    Rule: board setup constraints silk; warning
    @(331.2930 mm, -198.0855 mm): Polygon on F.Silkscreen
    @(332.3400 mm, -189.1155 mm): Polygon of R13 on F.Silkscreen
[silk_overlap]: Silkscreen clearance
    Rule: board setup constraints silk; warning
    @(331.2930 mm, -198.0855 mm): Polygon on F.Silkscreen
    @(332.2920 mm, -344.0015 mm): Polygon of R40 on F.Silkscreen
[silk_overlap]: Silkscreen clearance
    Rule: board setup constraints silk; warning
    @(332.4355 mm, -361.6105 mm): Polygon of R43 on F.Silkscreen
    @(331.2930 mm, -198.0855 mm): Polygon on F.Silkscreen
[silk_overlap]: Silkscreen clearance
    Rule: board setup constraints silk; warning
    @(331.2930 mm, -198.0855 mm): Polygon on F.Silkscreen
    @(289.6265 mm, -332.2815 mm): Polygon of C40 on F.Silkscreen
[silk_overlap]: Silkscreen clearance
    Rule: board setup constraints silk; warning
    @(289.4919 mm, -326.6076 mm): Polygon of C39 on F.Silkscreen
    @(331.2930 mm, -198.0855 mm): Polygon on F.Silkscreen
[silk_overlap]: Silkscreen clearance
    Rule: board setup constraints silk; warning
    @(331.2930 mm, -198.0855 mm): Polygon on F.Silkscreen
    @(289.4700 mm, -349.8905 mm): Polygon of C43 on F.Silkscreen
[silk_overlap]: Silkscreen clearance
    Rule: board setup constraints silk; warning
    @(331.2930 mm, -198.0855 mm): Polygon on F.Silkscreen
    @(331.3486 mm, -332.3105 mm): Polygon of R38 on F.Silkscreen
[silk_overlap]: Silkscreen clearance
    Rule: board setup constraints silk; warning
    @(331.3560 mm, -338.1705 mm): Polygon of R39 on F.Silkscreen
    @(331.2930 mm, -198.0855 mm): Polygon on F.Silkscreen
[silk_overlap]: Silkscreen clearance
    Rule: board setup constraints silk; warning
    @(289.0535 mm, -361.6705 mm): Polygon of C45 on F.Silkscreen
    @(331.2930 mm, -198.0855 mm): Polygon on F.Silkscreen
[silk_overlap]: Silkscreen clearance
    Rule: board setup constraints silk; warning
    @(289.4432 mm, -308.4384 mm): Polygon of C36 on F.Silkscreen
    @(331.2930 mm, -198.0855 mm): Polygon on F.Silkscreen
[silk_overlap]: Silkscreen clearance
    Rule: board setup constraints silk; warning
    @(331.0655 mm, -326.4505 mm): Polygon of R37 on F.Silkscreen
    @(331.2930 mm, -198.0855 mm): Polygon on F.Silkscreen
[silk_overlap]: Silkscreen clearance
    Rule: board setup constraints silk; warning
    @(332.3060 mm, -356.3055 mm): Polygon of R42 on F.Silkscreen
    @(331.2930 mm, -198.0855 mm): Polygon on F.Silkscreen
[silk_overlap]: Silkscreen clearance
    Rule: board setup constraints silk; warning
    @(331.2930 mm, -198.0855 mm): Polygon on F.Silkscreen
    @(331.0610 mm, -297.1505 mm): Polygon of R32 on F.Silkscreen
[silk_overlap]: Silkscreen clearance
    Rule: board setup constraints silk; warning
    @(331.2930 mm, -198.0855 mm): Polygon on F.Silkscreen
    @(331.0805 mm, -303.0105 mm): Polygon of R33 on F.Silkscreen
[silk_overlap]: Silkscreen clearance
    Rule: board setup constraints silk; warning
    @(331.2930 mm, -198.0855 mm): Polygon on F.Silkscreen
    @(289.8773 mm, -320.3708 mm): Polygon of C38 on F.Silkscreen
[silk_overlap]: Silkscreen clearance
    Rule: board setup constraints silk; warning
    @(331.2930 mm, -198.0855 mm): Polygon on F.Silkscreen
    @(332.1087 mm, -261.5584 mm): Polygon of R26 on F.Silkscreen
[silk_overlap]: Silkscreen clearance
    Rule: board setup constraints silk; warning
    @(331.2930 mm, -198.0855 mm): Polygon on F.Silkscreen
    @(332.1574 mm, -279.7276 mm): Polygon of R29 on F.Silkscreen
[silk_overlap]: Silkscreen clearance
    Rule: board setup constraints silk; warning
    @(331.2930 mm, -198.0855 mm): Polygon on F.Silkscreen
    @(331.8605 mm, -303.0105 mm): Polygon of R33 on F.Silkscreen
[silk_overlap]: Silkscreen clearance
    Rule: board setup constraints silk; warning
    @(331.2930 mm, -198.0855 mm): Polygon on F.Silkscreen
    @(331.0510 mm, -308.8705 mm): Polygon of R34 on F.Silkscreen
[silk_overlap]: Silkscreen clearance
    Rule: board setup constraints silk; warning
    @(332.1574 mm, -221.1276 mm): Polygon of R19 on F.Silkscreen
    @(331.2930 mm, -198.0855 mm): Polygon on F.Silkscreen
[silk_overlap]: Silkscreen clearance
    Rule: board setup constraints silk; warning
    @(331.2930 mm, -198.0855 mm): Polygon on F.Silkscreen
    @(331.8605 mm, -244.4105 mm): Polygon of R23 on F.Silkscreen
[silk_overlap]: Silkscreen clearance
    Rule: board setup constraints silk; warning
    @(332.5428 mm, -273.4908 mm): Polygon of R28 on F.Silkscreen
    @(331.2930 mm, -198.0855 mm): Polygon on F.Silkscreen
[silk_overlap]: Silkscreen clearance
    Rule: board setup constraints silk; warning
    @(331.2930 mm, -198.0855 mm): Polygon on F.Silkscreen
    @(332.2920 mm, -226.8015 mm): Polygon of R20 on F.Silkscreen
[silk_overlap]: Silkscreen clearance
    Rule: board setup constraints silk; warning
    @(332.3400 mm, -194.9755 mm): Polygon of R14 on F.Silkscreen
    @(331.2930 mm, -198.0855 mm): Polygon on F.Silkscreen
[silk_overlap]: Silkscreen clearance
    Rule: board setup constraints silk; warning
    @(332.6837 mm, -378.7584 mm): Polygon of R46 on F.Silkscreen
    @(331.2930 mm, -198.0855 mm): Polygon on F.Silkscreen
[silk_overlap]: Silkscreen clearance
    Rule: board setup constraints silk; warning
    @(289.3285 mm, -303.0705 mm): Polygon of C35 on F.Silkscreen
    @(331.2930 mm, -198.0855 mm): Polygon on F.Silkscreen
[silk_overlap]: Silkscreen clearance
    Rule: board setup constraints silk; warning
    @(331.2930 mm, -198.0855 mm): Polygon on F.Silkscreen
    @(289.6405 mm, -297.7055 mm): Polygon of C32 on F.Silkscreen
[silk_overlap]: Silkscreen clearance
    Rule: board setup constraints silk; warning
    @(331.0750 mm, -285.4305 mm): Polygon of R30 on F.Silkscreen
    @(331.2930 mm, -198.0855 mm): Polygon on F.Silkscreen
[silk_overlap]: Silkscreen clearance
    Rule: board setup constraints silk; warning
    @(331.2930 mm, -198.0855 mm): Polygon on F.Silkscreen
    @(331.1785 mm, -291.2905 mm): Polygon of R31 on F.Silkscreen
[silk_overlap]: Silkscreen clearance
    Rule: board setup constraints silk; warning
    @(331.2930 mm, -198.0855 mm): Polygon on F.Silkscreen
    @(289.0535 mm, -256.1905 mm): Polygon of C25 on F.Silkscreen
[silk_overlap]: Silkscreen clearance
    Rule: board setup constraints silk; warning
    @(331.5455 mm, -244.9655 mm): Polygon of R23 on F.Silkscreen
    @(331.2930 mm, -198.0855 mm): Polygon on F.Silkscreen
[silk_overlap]: Silkscreen clearance
    Rule: board setup constraints silk; warning
    @(331.2930 mm, -198.0855 mm): Polygon on F.Silkscreen
    @(331.5160 mm, -250.8255 mm): Polygon of R24 on F.Silkscreen
[silk_overlap]: Silkscreen clearance
    Rule: board setup constraints silk; warning
    @(331.2930 mm, -198.0855 mm): Polygon on F.Silkscreen
    @(332.3400 mm, -142.2355 mm): Polygon of R5 on F.Silkscreen
[silk_overlap]: Silkscreen clearance
    Rule: board setup constraints silk; warning
    @(332.3400 mm, -148.0955 mm): Polygon of R6 on F.Silkscreen
    @(331.2930 mm, -198.0855 mm): Polygon on F.Silkscreen
[silk_overlap]: Silkscreen clearance
    Rule: board setup constraints silk; warning
    @(331.2930 mm, -198.0855 mm): Polygon on F.Silkscreen
    @(332.7980 mm, -159.8155 mm): Polygon of R8 on F.Silkscreen
[silk_overlap]: Silkscreen clearance
    Rule: board setup constraints silk; warning
    @(332.7980 mm, -165.6755 mm): Polygon of R9 on F.Silkscreen
    @(331.2930 mm, -198.0855 mm): Polygon on F.Silkscreen
[silk_overlap]: Silkscreen clearance
    Rule: board setup constraints silk; warning
    @(289.4432 mm, -261.5584 mm): Polygon of C26 on F.Silkscreen
    @(330.0700 mm, -195.0855 mm): Polygon on F.Silkscreen
[silk_over_copper]: Silkscreen clipped by solder mask
    Local override; warning
    @(288.6455 mm, -221.5255 mm): Polygon on F.Silkscreen
    @(289.2090 mm, -222.4100 mm): Pad P2 [GND] of C19 on F.Cu
[silk_over_copper]: Silkscreen clipped by solder mask
    Local override; warning
    @(288.9131 mm, -215.6655 mm): Polygon on F.Silkscreen
    @(289.4840 mm, -216.5500 mm): Pad P2 [GND] of C18 on F.Cu
[silk_over_copper]: Silkscreen clipped by solder mask
    Local override; warning
    @(287.2870 mm, -200.9455 mm): Polygon on F.Silkscreen
    @(331.9490 mm, -234.1300 mm): Pad P2 [<no net>] of R21 on F.Cu
[silk_over_copper]: Silkscreen clipped by solder mask
    Local override; warning
    @(287.2870 mm, -200.9455 mm): Polygon on F.Silkscreen
    @(330.2990 mm, -234.1300 mm): Pad P1 [<no net>] of R21 on F.Cu
[silk_over_copper]: Silkscreen clipped by solder mask
    Local override; warning
    @(288.9025 mm, -198.0855 mm): Polygon on F.Silkscreen
    @(289.4840 mm, -198.9700 mm): Pad P2 [GND] of C15 on F.Cu
[silk_over_copper]: Silkscreen clipped by solder mask
    Local override; warning
    @(288.9025 mm, -198.0855 mm): Polygon on F.Silkscreen
    @(330.2990 mm, -228.2700 mm): Pad P1 [<no net>] of R20 on F.Cu
[silk_over_copper]: Silkscreen clipped by solder mask
    Local override; warning
    @(287.2870 mm, -195.0855 mm): Polygon on F.Silkscreen
    @(331.9490 mm, -228.2700 mm): Pad P2 [<no net>] of R20 on F.Cu
[silk_over_copper]: Silkscreen clipped by solder mask
    Local override; warning
    @(288.8905 mm, -192.2255 mm): Polygon on F.Silkscreen
    @(289.4840 mm, -193.1100 mm): Pad P2 [GND] of C14 on F.Cu
[silk_over_copper]: Silkscreen clipped by solder mask
    Local override; warning
    @(288.8905 mm, -192.2255 mm): Polygon on F.Silkscreen
    @(330.2990 mm, -222.4100 mm): Pad P1 [SPI_SCK_MCU] of R19 on F.Cu
[silk_over_copper]: Silkscreen clipped by solder mask
    Local override; warning
    @(331.3110 mm, -221.5255 mm): Polygon on F.Silkscreen
    @(331.9490 mm, -222.4100 mm): Pad P2 [SPI_SCK] of R19 on F.Cu
[silk_over_copper]: Silkscreen clipped by solder mask
    Local override; warning
    @(288.9050 mm, -209.8055 mm): Polygon on F.Silkscreen
    @(289.4840 mm, -210.6900 mm): Pad P2 [GND] of C17 on F.Cu
[silk_over_copper]: Silkscreen clipped by solder mask
    Local override; warning
    @(288.9085 mm, -203.9455 mm): Polygon on F.Silkscreen
    @(289.4840 mm, -204.8300 mm): Pad P2 [GND] of C16 on F.Cu
[silk_over_copper]: Silkscreen clipped by solder mask
    Local override; warning
    @(290.5580 mm, -188.7895 mm): Polygon on F.Silkscreen
    @(330.2990 mm, -228.2700 mm): Pad P1 [<no net>] of R20 on F.Cu
[silk_over_copper]: Silkscreen clipped by solder mask
    Local override; warning
    @(290.5580 mm, -182.9295 mm): Polygon on F.Silkscreen
    @(330.2990 mm, -222.4100 mm): Pad P1 [SPI_SCK_MCU] of R19 on F.Cu
[silk_over_copper]: Silkscreen clipped by solder mask
    Local override; warning
    @(288.8745 mm, -227.3855 mm): Polygon of C20 on F.Silkscreen
    @(289.4840 mm, -216.5500 mm): Pad P2 [GND] of C18 on F.Cu
[silk_over_copper]: Silkscreen clipped by solder mask
    Local override; warning
    @(288.8745 mm, -227.3855 mm): Polygon of C20 on F.Silkscreen
    @(289.2090 mm, -222.4100 mm): Pad P2 [GND] of C19 on F.Cu
[silk_over_copper]: Silkscreen clipped by solder mask
    Local override; warning
    @(331.5400 mm, -227.3855 mm): Polygon of R20 on F.Silkscreen
    @(331.9490 mm, -222.4100 mm): Pad P2 [SPI_SCK] of R19 on F.Cu
[silk_over_copper]: Silkscreen clipped by solder mask
    Local override; warning
    @(141.4562 mm, -118.9055 mm): Polygon on F.Silkscreen
    @(175.4467 mm, -148.1730 mm): Pad GND_12 [<no net>] of U3 on F.Cu
[silk_over_copper]: Silkscreen clipped by solder mask
    Local override; warning
    @(141.4562 mm, -118.9055 mm): Polygon on F.Silkscreen
    @(176.4467 mm, -148.1730 mm): Pad BOOT_CFG0 [<no net>] of U3 on F.Cu
[silk_over_copper]: Silkscreen clipped by solder mask
    Local override; warning
    @(141.7962 mm, -115.9395 mm): Polygon on F.Silkscreen
    @(287.6590 mm, -234.1300 mm): Pad P1 [3V3_RAIL] of C21 on F.Cu
[silk_over_copper]: Silkscreen clipped by solder mask
    Local override; warning
    @(141.7962 mm, -115.9395 mm): Polygon on F.Silkscreen
    @(171.9467 mm, -139.1730 mm): Pad GND_27 [<no net>] of U3 on F.Cu
[silk_over_copper]: Silkscreen clipped by solder mask
    Local override; warning
    @(142.7922 mm, -116.0455 mm): Polygon on F.Silkscreen
    @(287.6590 mm, -234.1300 mm): Pad P1 [3V3_RAIL] of C21 on F.Cu
[silk_over_copper]: Silkscreen clipped by solder mask
    Local override; warning
    @(142.7922 mm, -116.0455 mm): Polygon on F.Silkscreen
    @(289.2090 mm, -234.1300 mm): Pad P2 [GND] of C21 on F.Cu
[silk_over_copper]: Silkscreen clipped by solder mask
    Local override; warning
    @(142.7922 mm, -116.0455 mm): Polygon on F.Silkscreen
    @(171.9467 mm, -139.1730 mm): Pad GND_27 [<no net>] of U3 on F.Cu
[silk_over_copper]: Silkscreen clipped by solder mask
    Local override; warning
    @(141.9537 mm, -121.7995 mm): Polygon on F.Silkscreen
    @(173.4467 mm, -148.1730 mm): Pad GND_11 [<no net>] of U3 on F.Cu
[silk_over_copper]: Silkscreen clipped by solder mask
    Local override; warning
    @(141.9562 mm, -118.1715 mm): Polygon on F.Silkscreen
    @(176.4467 mm, -148.1730 mm): Pad BOOT_CFG0 [<no net>] of U3 on F.Cu
[silk_over_copper]: Silkscreen clipped by solder mask
    Local override; warning
    @(143.1847 mm, -121.9055 mm): Polygon on F.Silkscreen
    @(173.4467 mm, -148.1730 mm): Pad GND_11 [<no net>] of U3 on F.Cu
[silk_over_copper]: Silkscreen clipped by solder mask
    Local override; warning
    @(143.1847 mm, -121.9055 mm): Polygon on F.Silkscreen
    @(174.4467 mm, -148.1730 mm): Pad AUX_ANT [<no net>] of U3 on F.Cu
[silk_over_copper]: Silkscreen clipped by solder mask
    Local override; warning
    @(143.1847 mm, -121.9055 mm): Polygon on F.Silkscreen
    @(175.4467 mm, -148.1730 mm): Pad GND_12 [<no net>] of U3 on F.Cu
[silk_over_copper]: Silkscreen clipped by solder mask
    Local override; warning
    @(289.0540 mm, -200.3615 mm): Polygon of C15 on F.Silkscreen
    @(289.4840 mm, -204.8300 mm): Pad P2 [GND] of C16 on F.Cu
[silk_over_copper]: Silkscreen clipped by solder mask
    Local override; warning
    @(289.0540 mm, -200.3615 mm): Polygon of C15 on F.Silkscreen
    @(289.4840 mm, -210.6900 mm): Pad P2 [GND] of C17 on F.Cu
[silk_over_copper]: Silkscreen clipped by solder mask
    Local override; warning
    @(289.0540 mm, -200.3615 mm): Polygon of C15 on F.Silkscreen
    @(289.4840 mm, -216.5500 mm): Pad P2 [GND] of C18 on F.Cu
[silk_over_copper]: Silkscreen clipped by solder mask
    Local override; warning
    @(289.0540 mm, -200.3615 mm): Polygon of C15 on F.Silkscreen
    @(289.2090 mm, -222.4100 mm): Pad P2 [GND] of C19 on F.Cu
[silk_over_copper]: Silkscreen clipped by solder mask
    Local override; warning
    @(289.0540 mm, -200.3615 mm): Polygon of C15 on F.Silkscreen
    @(289.2090 mm, -228.2700 mm): Pad P2 [GND] of C20 on F.Cu
[silk_over_copper]: Silkscreen clipped by solder mask
    Local override; warning
    @(289.0540 mm, -200.3615 mm): Polygon of C15 on F.Silkscreen
    @(289.2090 mm, -234.1300 mm): Pad P2 [GND] of C21 on F.Cu
[silk_over_copper]: Silkscreen clipped by solder mask
    Local override; warning
    @(289.0540 mm, -212.0815 mm): Polygon of C17 on F.Silkscreen
    @(289.4840 mm, -216.5500 mm): Pad P2 [GND] of C18 on F.Cu
[silk_over_copper]: Silkscreen clipped by solder mask
    Local override; warning
    @(289.0540 mm, -212.0815 mm): Polygon of C17 on F.Silkscreen
    @(289.2090 mm, -222.4100 mm): Pad P2 [GND] of C19 on F.Cu
[silk_over_copper]: Silkscreen clipped by solder mask
    Local override; warning
    @(289.0540 mm, -212.0815 mm): Polygon of C17 on F.Silkscreen
    @(289.2090 mm, -228.2700 mm): Pad P2 [GND] of C20 on F.Cu
[silk_over_copper]: Silkscreen clipped by solder mask
    Local override; warning
    @(289.0540 mm, -212.0815 mm): Polygon of C17 on F.Silkscreen
    @(289.2090 mm, -234.1300 mm): Pad P2 [GND] of C21 on F.Cu
[silk_over_copper]: Silkscreen clipped by solder mask
    Local override; warning
    @(289.0540 mm, -217.9415 mm): Polygon of C18 on F.Silkscreen
    @(289.2090 mm, -222.4100 mm): Pad P2 [GND] of C19 on F.Cu
[silk_over_copper]: Silkscreen clipped by solder mask
    Local override; warning
    @(289.0540 mm, -217.9415 mm): Polygon of C18 on F.Silkscreen
    @(289.2090 mm, -228.2700 mm): Pad P2 [GND] of C20 on F.Cu
[silk_over_copper]: Silkscreen clipped by solder mask
    Local override; warning
    @(289.0540 mm, -217.9415 mm): Polygon of C18 on F.Silkscreen
    @(289.2090 mm, -234.1300 mm): Pad P2 [GND] of C21 on F.Cu
[silk_over_copper]: Silkscreen clipped by solder mask
    Local override; warning
    @(288.1860 mm, -232.9325 mm): Polygon on F.Silkscreen
    @(289.2090 mm, -234.1300 mm): Pad P2 [GND] of C21 on F.Cu
[silk_over_copper]: Silkscreen clipped by solder mask
    Local override; warning
    @(288.9780 mm, -233.2455 mm): Polygon on F.Silkscreen
    @(289.2090 mm, -234.1300 mm): Pad P2 [GND] of C21 on F.Cu
[silk_over_copper]: Silkscreen clipped by solder mask
    Local override; warning
    @(288.0885 mm, -221.2125 mm): Polygon on F.Silkscreen
    @(289.2090 mm, -222.4100 mm): Pad P2 [GND] of C19 on F.Cu
[silk_over_copper]: Silkscreen clipped by solder mask
    Local override; warning
    @(330.7505 mm, -233.2455 mm): Polygon on F.Silkscreen
    @(331.9490 mm, -234.1300 mm): Pad P2 [<no net>] of R21 on F.Cu
[silk_over_copper]: Silkscreen clipped by solder mask
    Local override; warning
    @(331.6435 mm, -233.2455 mm): Polygon on F.Silkscreen
    @(331.9490 mm, -234.1300 mm): Pad P2 [<no net>] of R21 on F.Cu
[silk_over_copper]: Silkscreen clipped by solder mask
    Local override; warning
    @(289.0540 mm, -171.0615 mm): Polygon of C10 on F.Silkscreen
    @(289.2090 mm, -228.2700 mm): Pad P2 [GND] of C20 on F.Cu
[silk_over_copper]: Silkscreen clipped by solder mask
    Local override; warning
    @(289.0540 mm, -188.6415 mm): Polygon of C13 on F.Silkscreen
    @(289.2090 mm, -228.2700 mm): Pad P2 [GND] of C20 on F.Cu
[silk_over_copper]: Silkscreen clipped by solder mask
    Local override; warning
    @(289.0540 mm, -176.9215 mm): Polygon of C11 on F.Silkscreen
    @(289.2090 mm, -234.1300 mm): Pad P2 [GND] of C21 on F.Cu
[silk_over_copper]: Silkscreen clipped by solder mask
    Local override; warning
    @(289.0540 mm, -194.5015 mm): Polygon of C14 on F.Silkscreen
    @(289.2090 mm, -234.1300 mm): Pad P2 [GND] of C21 on F.Cu
[silk_over_copper]: Silkscreen clipped by solder mask
    Local override; warning
    @(289.0540 mm, -176.9215 mm): Polygon of C11 on F.Silkscreen
    @(289.4840 mm, -216.5500 mm): Pad P2 [GND] of C18 on F.Cu
[silk_over_copper]: Silkscreen clipped by solder mask
    Local override; warning
    @(289.0540 mm, -182.7815 mm): Polygon of C12 on F.Silkscreen
    @(289.4840 mm, -216.5500 mm): Pad P2 [GND] of C18 on F.Cu
[silk_over_copper]: Silkscreen clipped by solder mask
    Local override; warning
    @(289.0540 mm, -171.0615 mm): Polygon of C10 on F.Silkscreen
    @(289.4840 mm, -210.6900 mm): Pad P2 [GND] of C17 on F.Cu
[silk_over_copper]: Silkscreen clipped by solder mask
    Local override; warning
    @(289.0540 mm, -176.9215 mm): Polygon of C11 on F.Silkscreen
    @(289.4840 mm, -210.6900 mm): Pad P2 [GND] of C17 on F.Cu
[silk_over_copper]: Silkscreen clipped by solder mask
    Local override; warning
    @(289.0540 mm, -182.7815 mm): Polygon of C12 on F.Silkscreen
    @(289.2090 mm, -222.4100 mm): Pad P2 [GND] of C19 on F.Cu
[silk_over_copper]: Silkscreen clipped by solder mask
    Local override; warning
    @(288.8660 mm, -205.8885 mm): Polygon of C16 on F.Silkscreen
    @(287.9340 mm, -210.6900 mm): Pad P1 [1V8_RAIL] of C17 on F.Cu
[silk_over_copper]: Silkscreen clipped by solder mask
    Local override; warning
    @(288.6455 mm, -221.5255 mm): Polygon of C19 on F.Silkscreen
    @(289.4840 mm, -210.6900 mm): Pad P2 [GND] of C17 on F.Cu
[silk_over_copper]: Silkscreen clipped by solder mask
    Local override; warning
    @(288.4170 mm, -224.3855 mm): Polygon of C19 on F.Silkscreen
    @(287.6590 mm, -228.2700 mm): Pad P1 [U10_VCC] of C20 on F.Cu
[silk_over_copper]: Silkscreen clipped by solder mask
    Local override; warning
    @(288.6260 mm, -230.1725 mm): Polygon of C20 on F.Silkscreen
    @(289.2090 mm, -234.1300 mm): Pad P2 [GND] of C21 on F.Cu
[silk_over_copper]: Silkscreen clipped by solder mask
    Local override; warning
    @(331.4370 mm, -224.3855 mm): Polygon of R19 on F.Silkscreen
    @(331.9490 mm, -234.1300 mm): Pad P2 [<no net>] of R21 on F.Cu
[silk_over_copper]: Silkscreen clipped by solder mask
    Local override; warning
    @(331.5260 mm, -239.1055 mm): Polygon of R22 on F.Silkscreen
    @(331.9490 mm, -228.2700 mm): Pad P2 [<no net>] of R20 on F.Cu
[silk_over_copper]: Silkscreen clipped by solder mask
    Local override; warning
    @(331.5260 mm, -239.1055 mm): Polygon of R22 on F.Silkscreen
    @(331.9490 mm, -234.1300 mm): Pad P2 [<no net>] of R21 on F.Cu
[silk_over_copper]: Silkscreen clipped by solder mask
    Local override; warning
    @(331.6435 mm, -233.2455 mm): Polygon of R21 on F.Silkscreen
    @(331.9490 mm, -228.2700 mm): Pad P2 [<no net>] of R20 on F.Cu
[silk_over_copper]: Silkscreen clipped by solder mask
    Local override; warning
    @(289.9015 mm, -285.4015 mm): Polygon of C30 on F.Silkscreen
    @(330.2990 mm, -222.4100 mm): Pad P1 [SPI_SCK_MCU] of R19 on F.Cu
[silk_over_copper]: Silkscreen clipped by solder mask
    Local override; warning
    @(331.4370 mm, -218.5255 mm): Polygon of R18 on F.Silkscreen
    @(331.9490 mm, -228.2700 mm): Pad P2 [<no net>] of R20 on F.Cu
[silk_over_copper]: Silkscreen clipped by solder mask
    Local override; warning
    @(331.4370 mm, -218.5255 mm): Polygon of R18 on F.Silkscreen
    @(331.9490 mm, -234.1300 mm): Pad P2 [<no net>] of R21 on F.Cu
[silk_over_copper]: Silkscreen clipped by solder mask
    Local override; warning
    @(288.9780 mm, -233.2455 mm): Polygon of C21 on F.Silkscreen
    @(289.2090 mm, -228.2700 mm): Pad P2 [GND] of C20 on F.Cu
[silk_over_copper]: Silkscreen clipped by solder mask
    Local override; warning
    @(330.3970 mm, -171.6455 mm): Polygon of R10 on F.Silkscreen
    @(287.9340 mm, -210.6900 mm): Pad P1 [1V8_RAIL] of C17 on F.Cu
[silk_over_copper]: Silkscreen clipped by solder mask
    Local override; warning
    @(330.3970 mm, -171.6455 mm): Polygon of R10 on F.Silkscreen
    @(289.4840 mm, -210.6900 mm): Pad P2 [GND] of C17 on F.Cu
[silk_over_copper]: Silkscreen clipped by solder mask
    Local override; warning
    @(165.7632 mm, -113.9013 mm): Polygon on F.Silkscreen
    @(331.9490 mm, -228.2700 mm): Pad P2 [<no net>] of R20 on F.Cu
[silk_over_copper]: Silkscreen clipped by solder mask
    Local override; warning
    @(166.2141 mm, -114.4499 mm): Polygon on F.Silkscreen
    @(287.9340 mm, -198.9700 mm): Pad P1 [3V3_RAIL] of C15 on F.Cu
[silk_over_copper]: Silkscreen clipped by solder mask
    Local override; warning
    @(166.2141 mm, -114.4499 mm): Polygon on F.Silkscreen
    @(289.4840 mm, -198.9700 mm): Pad P2 [GND] of C15 on F.Cu
[silk_over_copper]: Silkscreen clipped by solder mask
    Local override; warning
    @(166.2141 mm, -114.4499 mm): Polygon on F.Silkscreen
    @(331.9490 mm, -228.2700 mm): Pad P2 [<no net>] of R20 on F.Cu
[silk_over_copper]: Silkscreen clipped by solder mask
    Local override; warning
    @(166.2141 mm, -114.4499 mm): Polygon on F.Silkscreen
    @(171.4467 mm, -118.1730 mm): Pad GND_3 [<no net>] of U3 on F.Cu
[silk_over_copper]: Silkscreen clipped by solder mask
    Local override; warning
    @(166.2141 mm, -114.4499 mm): Polygon on F.Silkscreen
    @(170.4467 mm, -118.1730 mm): Pad SPI_CLK [<no net>] of U3 on F.Cu
[silk_over_copper]: Silkscreen clipped by solder mask
    Local override; warning
    @(166.2141 mm, -114.4499 mm): Polygon on F.Silkscreen
    @(172.4467 mm, -118.1730 mm): Pad RESET [<no net>] of U3 on F.Cu
[silk_over_copper]: Silkscreen clipped by solder mask
    Local override; warning
    @(166.2141 mm, -114.4499 mm): Polygon on F.Silkscreen
    @(173.4467 mm, -118.1730 mm): Pad PWRKEY [<no net>] of U3 on F.Cu
[silk_over_copper]: Silkscreen clipped by solder mask
    Local override; warning
    @(166.2141 mm, -114.4499 mm): Polygon on F.Silkscreen
    @(180.9467 mm, -123.6730 mm): Pad GND_18 [<no net>] of U3 on F.Cu
[silk_over_copper]: Silkscreen clipped by solder mask
    Local override; warning
    @(166.2141 mm, -114.4499 mm): Polygon on F.Silkscreen
    @(180.9467 mm, -124.6730 mm): Pad GNSS_ANT [<no net>] of U3 on F.Cu
[silk_over_copper]: Silkscreen clipped by solder mask
    Local override; warning
    @(165.7632 mm, -113.9013 mm): Polygon on F.Silkscreen
    @(287.9340 mm, -198.9700 mm): Pad P1 [3V3_RAIL] of C15 on F.Cu
[silk_over_copper]: Silkscreen clipped by solder mask
    Local override; warning
    @(165.7632 mm, -113.9013 mm): Polygon on F.Silkscreen
    @(289.4840 mm, -198.9700 mm): Pad P2 [GND] of C15 on F.Cu
[silk_over_copper]: Silkscreen clipped by solder mask
    Local override; warning
    @(165.7632 mm, -113.9013 mm): Polygon on F.Silkscreen
    @(330.2990 mm, -228.2700 mm): Pad P1 [<no net>] of R20 on F.Cu
[silk_over_copper]: Silkscreen clipped by solder mask
    Local override; warning
    @(165.7632 mm, -113.9013 mm): Polygon on F.Silkscreen
    @(171.4467 mm, -118.1730 mm): Pad GND_3 [<no net>] of U3 on F.Cu
[silk_over_copper]: Silkscreen clipped by solder mask
    Local override; warning
    @(165.7632 mm, -113.9013 mm): Polygon on F.Silkscreen
    @(170.4467 mm, -118.1730 mm): Pad SPI_CLK [<no net>] of U3 on F.Cu
[silk_over_copper]: Silkscreen clipped by solder mask
    Local override; warning
    @(165.7632 mm, -113.9013 mm): Polygon on F.Silkscreen
    @(172.4467 mm, -118.1730 mm): Pad RESET [<no net>] of U3 on F.Cu
[silk_over_copper]: Silkscreen clipped by solder mask
    Local override; warning
    @(165.7632 mm, -113.9013 mm): Polygon on F.Silkscreen
    @(173.4467 mm, -118.1730 mm): Pad PWRKEY [<no net>] of U3 on F.Cu
[silk_over_copper]: Silkscreen clipped by solder mask
    Local override; warning
    @(165.7632 mm, -113.9013 mm): Polygon on F.Silkscreen
    @(180.9467 mm, -123.6730 mm): Pad GND_18 [<no net>] of U3 on F.Cu
[silk_over_copper]: Silkscreen clipped by solder mask
    Local override; warning
    @(165.7632 mm, -113.9013 mm): Polygon on F.Silkscreen
    @(180.9467 mm, -124.6730 mm): Pad GNSS_ANT [<no net>] of U3 on F.Cu
[silk_over_copper]: Silkscreen clipped by solder mask
    Local override; warning
    @(288.2740 mm, -188.6415 mm): Polygon on F.Silkscreen
    @(330.2990 mm, -216.5500 mm): Pad P1 [SPI_MOSI_MCU] of R18 on F.Cu
[silk_over_copper]: Silkscreen clipped by solder mask
    Local override; warning
    @(288.3335 mm, -191.9125 mm): Polygon on F.Silkscreen
    @(289.4840 mm, -193.1100 mm): Pad P2 [GND] of C14 on F.Cu
[silk_over_copper]: Silkscreen clipped by solder mask
    Local override; warning
    @(289.0540 mm, -200.3615 mm): Polygon on F.Silkscreen
    @(330.2990 mm, -228.2700 mm): Pad P1 [<no net>] of R20 on F.Cu
[silk_over_copper]: Silkscreen clipped by solder mask
    Local override; warning
    @(289.3470 mm, -200.2115 mm): Polygon on F.Silkscreen
    @(330.2990 mm, -228.2700 mm): Pad P1 [<no net>] of R20 on F.Cu
[silk_over_copper]: Silkscreen clipped by solder mask
    Local override; warning
    @(290.5580 mm, -200.5095 mm): Polygon on F.Silkscreen
    @(330.2990 mm, -228.2700 mm): Pad P1 [<no net>] of R20 on F.Cu
[silk_over_copper]: Silkscreen clipped by solder mask
    Local override; warning
    @(288.2740 mm, -194.5015 mm): Polygon on F.Silkscreen
    @(330.2990 mm, -222.4100 mm): Pad P1 [SPI_SCK_MCU] of R19 on F.Cu
[silk_over_copper]: Silkscreen clipped by solder mask
    Local override; warning
    @(289.0540 mm, -194.5015 mm): Polygon on F.Silkscreen
    @(330.2990 mm, -222.4100 mm): Pad P1 [SPI_SCK_MCU] of R19 on F.Cu
[silk_over_copper]: Silkscreen clipped by solder mask
    Local override; warning
    @(289.3470 mm, -194.3515 mm): Polygon on F.Silkscreen
    @(331.9490 mm, -222.4100 mm): Pad P2 [SPI_SCK] of R19 on F.Cu
[silk_over_copper]: Silkscreen clipped by solder mask
    Local override; warning
    @(289.3470 mm, -194.3515 mm): Polygon on F.Silkscreen
    @(330.2990 mm, -222.4100 mm): Pad P1 [SPI_SCK_MCU] of R19 on F.Cu
[silk_over_copper]: Silkscreen clipped by solder mask
    Local override; warning
    @(290.5580 mm, -194.6495 mm): Polygon on F.Silkscreen
    @(331.9490 mm, -222.4100 mm): Pad P2 [SPI_SCK] of R19 on F.Cu
[silk_over_copper]: Silkscreen clipped by solder mask
    Local override; warning
    @(288.0825 mm, -227.0725 mm): Polygon on F.Silkscreen
    @(289.2090 mm, -228.2700 mm): Pad P2 [GND] of C20 on F.Cu
[silk_over_copper]: Silkscreen clipped by solder mask
    Local override; warning
    @(330.6530 mm, -221.5255 mm): Polygon on F.Silkscreen
    @(331.9490 mm, -222.4100 mm): Pad P2 [SPI_SCK] of R19 on F.Cu
[silk_over_copper]: Silkscreen clipped by solder mask
    Local override; warning
    @(330.6470 mm, -227.3855 mm): Polygon on F.Silkscreen
    @(331.9490 mm, -228.2700 mm): Pad P2 [<no net>] of R20 on F.Cu
[silk_over_copper]: Silkscreen clipped by solder mask
    Local override; warning
    @(331.5400 mm, -227.3855 mm): Polygon on F.Silkscreen
    @(331.9490 mm, -228.2700 mm): Pad P2 [<no net>] of R20 on F.Cu
[silk_over_copper]: Silkscreen clipped by solder mask
    Local override; warning
    @(288.9025 mm, -198.0855 mm): Polygon on F.Silkscreen
    @(331.9490 mm, -228.2700 mm): Pad P2 [<no net>] of R20 on F.Cu
[silk_over_copper]: Silkscreen clipped by solder mask
    Local override; warning
    @(331.0570 mm, -212.0815 mm): Polygon of R17 on F.Silkscreen
    @(330.2990 mm, -216.5500 mm): Pad P1 [SPI_MOSI_MCU] of R18 on F.Cu
[silk_over_copper]: Silkscreen clipped by solder mask
    Local override; warning
    @(288.3455 mm, -197.7725 mm): Polygon on F.Silkscreen
    @(289.4840 mm, -198.9700 mm): Pad P2 [GND] of C15 on F.Cu
[silk_over_copper]: Silkscreen clipped by solder mask
    Local override; warning
    @(288.3455 mm, -197.7725 mm): Polygon on F.Silkscreen
    @(331.9490 mm, -228.2700 mm): Pad P2 [<no net>] of R20 on F.Cu
[silk_over_copper]: Silkscreen clipped by solder mask
    Local override; warning
    @(288.3480 mm, -209.4925 mm): Polygon on F.Silkscreen
    @(289.4840 mm, -210.6900 mm): Pad P2 [GND] of C17 on F.Cu
[silk_over_copper]: Silkscreen clipped by solder mask
    Local override; warning
    @(290.3510 mm, -206.3695 mm): Polygon on F.Silkscreen
    @(330.2990 mm, -234.1300 mm): Pad P1 [<no net>] of R21 on F.Cu
[silk_over_copper]: Silkscreen clipped by solder mask
    Local override; warning
    @(288.3515 mm, -203.6325 mm): Polygon on F.Silkscreen
    @(289.4840 mm, -204.8300 mm): Pad P2 [GND] of C16 on F.Cu
[silk_over_copper]: Silkscreen clipped by solder mask
    Local override; warning
    @(288.3515 mm, -203.6325 mm): Polygon on F.Silkscreen
    @(331.9490 mm, -234.1300 mm): Pad P2 [<no net>] of R21 on F.Cu
[silk_over_copper]: Silkscreen clipped by solder mask
    Local override; warning
    @(288.9085 mm, -203.9455 mm): Polygon on F.Silkscreen
    @(331.9490 mm, -234.1300 mm): Pad P2 [<no net>] of R21 on F.Cu
[silk_over_copper]: Silkscreen clipped by solder mask
    Local override; warning
    @(288.8745 mm, -227.3855 mm): Polygon on F.Silkscreen
    @(289.2090 mm, -228.2700 mm): Pad P2 [GND] of C20 on F.Cu
[silk_over_copper]: Silkscreen clipped by solder mask
    Local override; warning
    @(288.3561 mm, -215.3525 mm): Polygon on F.Silkscreen
    @(289.4840 mm, -216.5500 mm): Pad P2 [GND] of C18 on F.Cu
[silk_over_copper]: Silkscreen clipped by solder mask
    Local override; warning
    @(275.9918 mm, -118.6099 mm): Polygon of IC1 on F.Silkscreen
    @(180.9467 mm, -124.6730 mm): Pad GNSS_ANT [<no net>] of U3 on F.Cu
[silk_over_copper]: Silkscreen clipped by solder mask
    Local override; warning
    @(288.6260 mm, -153.9925 mm): Polygon of C7 on F.Silkscreen
    @(287.9340 mm, -193.1100 mm): Pad P1 [3V3_RAIL] of C14 on F.Cu
[silk_over_copper]: Silkscreen clipped by solder mask
    Local override; warning
    @(288.6260 mm, -153.9925 mm): Polygon of C7 on F.Silkscreen
    @(287.9340 mm, -198.9700 mm): Pad P1 [3V3_RAIL] of C15 on F.Cu
[silk_over_copper]: Silkscreen clipped by solder mask
    Local override; warning
    @(288.6260 mm, -153.9925 mm): Polygon of C7 on F.Silkscreen
    @(287.9340 mm, -204.8300 mm): Pad P1 [3V3_RAIL] of C16 on F.Cu
[silk_over_copper]: Silkscreen clipped by solder mask
    Local override; warning
    @(288.6260 mm, -153.9925 mm): Polygon of C7 on F.Silkscreen
    @(287.9340 mm, -210.6900 mm): Pad P1 [1V8_RAIL] of C17 on F.Cu
[silk_over_copper]: Silkscreen clipped by solder mask
    Local override; warning
    @(288.6260 mm, -153.9925 mm): Polygon of C7 on F.Silkscreen
    @(287.9340 mm, -216.5500 mm): Pad P1 [3V3_RAIL] of C18 on F.Cu
[silk_over_copper]: Silkscreen clipped by solder mask
    Local override; warning
    @(288.6260 mm, -153.9925 mm): Polygon of C7 on F.Silkscreen
    @(287.6590 mm, -222.4100 mm): Pad P1 [5V_RAIL] of C19 on F.Cu
[silk_over_copper]: Silkscreen clipped by solder mask
    Local override; warning
    @(288.6260 mm, -153.9925 mm): Polygon of C7 on F.Silkscreen
    @(287.6590 mm, -228.2700 mm): Pad P1 [U10_VCC] of C20 on F.Cu
[silk_over_copper]: Silkscreen clipped by solder mask
    Local override; warning
    @(288.6260 mm, -153.9925 mm): Polygon of C7 on F.Silkscreen
    @(287.6590 mm, -234.1300 mm): Pad P1 [3V3_RAIL] of C21 on F.Cu
[silk_over_copper]: Silkscreen clipped by solder mask
    Local override; warning
    @(288.8605 mm, -239.1055 mm): Polygon of C22 on F.Silkscreen
    @(289.2090 mm, -228.2700 mm): Pad P2 [GND] of C20 on F.Cu
[silk_over_copper]: Silkscreen clipped by solder mask
    Local override; warning
    @(288.8605 mm, -239.1055 mm): Polygon of C22 on F.Silkscreen
    @(289.2090 mm, -234.1300 mm): Pad P2 [GND] of C21 on F.Cu
[silk_over_copper]: Silkscreen clipped by solder mask
    Local override; warning
    @(289.0540 mm, -171.0615 mm): Polygon of C10 on F.Silkscreen
    @(289.4840 mm, -204.8300 mm): Pad P2 [GND] of C16 on F.Cu
[silk_over_copper]: Silkscreen clipped by solder mask
    Local override; warning
    @(152.7084 mm, -175.4312 mm): Polygon of U10 on F.Silkscreen
    @(175.4467 mm, -118.1730 mm): Pad GND_1 [<no net>] of U3 on F.Cu
[silk_over_copper]: Silkscreen clipped by solder mask
    Local override; warning
    @(152.7084 mm, -175.4312 mm): Polygon of U10 on F.Silkscreen
    @(171.9467 mm, -131.1730 mm): Pad GND_25 [<no net>] of U3 on F.Cu
[silk_over_copper]: Silkscreen clipped by solder mask
    Local override; warning
    @(152.7084 mm, -175.4312 mm): Polygon of U10 on F.Silkscreen
    @(171.9467 mm, -127.1730 mm): Pad GND_24 [<no net>] of U3 on F.Cu
[silk_over_copper]: Silkscreen clipped by solder mask
    Local override; warning
    @(288.9025 mm, -198.0855 mm): Polygon of C15 on F.Silkscreen
    @(289.4840 mm, -193.1100 mm): Pad P2 [GND] of C14 on F.Cu
[silk_over_copper]: Silkscreen clipped by solder mask
    Local override; warning
    @(288.9085 mm, -203.9455 mm): Polygon of C16 on F.Silkscreen
    @(289.4840 mm, -193.1100 mm): Pad P2 [GND] of C14 on F.Cu
[silk_over_copper]: Silkscreen clipped by solder mask
    Local override; warning
    @(289.0540 mm, -165.2015 mm): Polygon of C9 on F.Silkscreen
    @(289.4840 mm, -198.9700 mm): Pad P2 [GND] of C15 on F.Cu
[silk_over_copper]: Silkscreen clipped by solder mask
    Local override; warning
    @(288.9131 mm, -215.6655 mm): Polygon of C18 on F.Silkscreen
    @(289.4840 mm, -204.8300 mm): Pad P2 [GND] of C16 on F.Cu
[silk_over_copper]: Silkscreen clipped by solder mask
    Local override; warning
    @(289.0540 mm, -165.2015 mm): Polygon of C9 on F.Silkscreen
    @(289.4840 mm, -204.8300 mm): Pad P2 [GND] of C16 on F.Cu
[silk_over_copper]: Silkscreen clipped by solder mask
    Local override; warning
    @(288.9050 mm, -209.8055 mm): Polygon of C17 on F.Silkscreen
    @(289.4840 mm, -198.9700 mm): Pad P2 [GND] of C15 on F.Cu
[silk_over_copper]: Silkscreen clipped by solder mask
    Local override; warning
    @(288.9085 mm, -203.9455 mm): Polygon of C16 on F.Silkscreen
    @(289.4840 mm, -198.9700 mm): Pad P2 [GND] of C15 on F.Cu
[silk_over_copper]: Silkscreen clipped by solder mask
    Local override; warning
    @(288.9050 mm, -209.8055 mm): Polygon of C17 on F.Silkscreen
    @(289.4840 mm, -204.8300 mm): Pad P2 [GND] of C16 on F.Cu
[silk_over_copper]: Silkscreen clipped by solder mask
    Local override; warning
    @(288.9131 mm, -215.6655 mm): Polygon of C18 on F.Silkscreen
    @(289.4840 mm, -210.6900 mm): Pad P2 [GND] of C17 on F.Cu
[silk_over_copper]: Silkscreen clipped by solder mask
    Local override; warning
    @(289.0540 mm, -165.2015 mm): Polygon of C9 on F.Silkscreen
    @(287.9340 mm, -216.5500 mm): Pad P1 [3V3_RAIL] of C18 on F.Cu
[silk_over_copper]: Silkscreen clipped by solder mask
    Local override; warning
    @(289.0540 mm, -165.2015 mm): Polygon of C9 on F.Silkscreen
    @(289.2090 mm, -222.4100 mm): Pad P2 [GND] of C19 on F.Cu
[silk_over_copper]: Silkscreen clipped by solder mask
    Local override; warning
    @(289.6405 mm, -297.7055 mm): Polygon of C32 on F.Silkscreen
    @(331.9490 mm, -222.4100 mm): Pad P2 [SPI_SCK] of R19 on F.Cu
[silk_over_copper]: Silkscreen clipped by solder mask
    Local override; warning
    @(289.0540 mm, -118.3215 mm): Polygon of C1 on F.Silkscreen
    @(289.2090 mm, -234.1300 mm): Pad P2 [GND] of C21 on F.Cu
[silk_over_copper]: Silkscreen clipped by solder mask
    Local override; warning
    @(212.1340 mm, -120.0085 mm): Polygon of U13 on F.Silkscreen
    @(180.9467 mm, -134.6730 mm): Pad RI [<no net>] of U3 on F.Cu
[silk_over_copper]: Silkscreen clipped by solder mask
    Local override; warning
    @(212.1340 mm, -120.0085 mm): Polygon of U13 on F.Silkscreen
    @(177.9467 mm, -135.8730 mm): Pad SGMII_TX_M [<no net>] of U3 on F.Cu
[silk_over_copper]: Silkscreen clipped by solder mask
    Local override; warning
    @(212.1340 mm, -120.0085 mm): Polygon of U13 on F.Silkscreen
    @(171.9467 mm, -139.1730 mm): Pad GND_27 [<no net>] of U3 on F.Cu
[silk_over_copper]: Silkscreen clipped by solder mask
    Local override; warning
    @(152.7084 mm, -175.4312 mm): Polygon of U10 on F.Silkscreen
    @(171.9467 mm, -135.1730 mm): Pad GND_26 [<no net>] of U3 on F.Cu
[silk_over_copper]: Silkscreen clipped by solder mask
    Local override; warning
    @(275.9918 mm, -118.6099 mm): Polygon of IC1 on F.Silkscreen
    @(172.2467 mm, -121.1730 mm): Pad RESERVED_1 [<no net>] of U3 on F.Cu
[silk_over_copper]: Silkscreen clipped by solder mask
    Local override; warning
    @(275.9918 mm, -118.6099 mm): Polygon of IC1 on F.Silkscreen
    @(170.4467 mm, -121.1730 mm): Pad RESERVED_2 [<no net>] of U3 on F.Cu
[silk_over_copper]: Silkscreen clipped by solder mask
    Local override; warning
    @(279.4688 mm, -117.8874 mm): Polygon of R3_1 on F.Silkscreen
    @(289.2090 mm, -234.1300 mm): Pad P2 [GND] of C21 on F.Cu
[silk_over_copper]: Silkscreen clipped by solder mask
    Local override; warning
    @(331.0460 mm, -206.4655 mm): Polygon of R16 on F.Silkscreen
    @(330.2990 mm, -222.4100 mm): Pad P1 [SPI_SCK_MCU] of R19 on F.Cu
[silk_over_copper]: Silkscreen clipped by solder mask
    Local override; warning
    @(331.0570 mm, -212.0815 mm): Polygon of R17 on F.Silkscreen
    @(330.2990 mm, -222.4100 mm): Pad P1 [SPI_SCK_MCU] of R19 on F.Cu
[silk_over_copper]: Silkscreen clipped by solder mask
    Local override; warning
    @(331.5455 mm, -244.9655 mm): Polygon of R23 on F.Silkscreen
    @(331.9490 mm, -234.1300 mm): Pad P2 [<no net>] of R21 on F.Cu
[silk_over_copper]: Silkscreen clipped by solder mask
    Local override; warning
    @(331.5160 mm, -250.8255 mm): Polygon of R24 on F.Silkscreen
    @(331.9490 mm, -234.1300 mm): Pad P2 [<no net>] of R21 on F.Cu
[silk_over_copper]: Silkscreen clipped by solder mask
    Local override; warning
    @(331.0610 mm, -297.1505 mm): Polygon of R32 on F.Silkscreen
    @(331.9490 mm, -234.1300 mm): Pad P2 [<no net>] of R21 on F.Cu
[silk_over_copper]: Silkscreen clipped by solder mask
    Local override; warning
    @(331.0805 mm, -303.0105 mm): Polygon of R33 on F.Silkscreen
    @(331.9490 mm, -234.1300 mm): Pad P2 [<no net>] of R21 on F.Cu
[silk_over_copper]: Silkscreen clipped by solder mask
    Local override; warning
    @(331.0630 mm, -314.7305 mm): Polygon of R35 on F.Silkscreen
    @(331.9490 mm, -234.1300 mm): Pad P2 [<no net>] of R21 on F.Cu
[silk_over_copper]: Silkscreen clipped by solder mask
    Local override; warning
    @(331.0610 mm, -297.1505 mm): Polygon of R32 on F.Silkscreen
    @(331.9490 mm, -228.2700 mm): Pad P2 [<no net>] of R20 on F.Cu
[silk_over_copper]: Silkscreen clipped by solder mask
    Local override; warning
    @(331.0805 mm, -303.0105 mm): Polygon of R33 on F.Silkscreen
    @(331.9490 mm, -228.2700 mm): Pad P2 [<no net>] of R20 on F.Cu
[silk_over_copper]: Silkscreen clipped by solder mask
    Local override; warning
    @(331.0630 mm, -314.7305 mm): Polygon of R35 on F.Silkscreen
    @(331.9490 mm, -228.2700 mm): Pad P2 [<no net>] of R20 on F.Cu
[silk_over_copper]: Silkscreen clipped by solder mask
    Local override; warning
    @(289.4919 mm, -279.7276 mm): Polygon of C29 on F.Silkscreen
    @(331.9490 mm, -228.2700 mm): Pad P2 [<no net>] of R20 on F.Cu
[silk_over_copper]: Silkscreen clipped by solder mask
    Local override; warning
    @(331.0750 mm, -285.4305 mm): Polygon of R30 on F.Silkscreen
    @(331.9490 mm, -222.4100 mm): Pad P2 [SPI_SCK] of R19 on F.Cu
[silk_over_copper]: Silkscreen clipped by solder mask
    Local override; warning
    @(331.0510 mm, -308.8705 mm): Polygon of R34 on F.Silkscreen
    @(331.9490 mm, -222.4100 mm): Pad P2 [SPI_SCK] of R19 on F.Cu
[silk_over_copper]: Silkscreen clipped by solder mask
    Local override; warning
    @(289.0540 mm, -165.2015 mm): Polygon of C9 on F.Silkscreen
    @(289.4840 mm, -193.1100 mm): Pad P2 [GND] of C14 on F.Cu
[silk_over_copper]: Silkscreen clipped by solder mask
    Local override; warning
    @(289.0540 mm, -165.2015 mm): Polygon of C9 on F.Silkscreen
    @(289.4840 mm, -210.6900 mm): Pad P2 [GND] of C17 on F.Cu
[silk_over_copper]: Silkscreen clipped by solder mask
    Local override; warning
    @(289.0540 mm, -165.2015 mm): Polygon of C9 on F.Silkscreen
    @(289.4840 mm, -216.5500 mm): Pad P2 [GND] of C18 on F.Cu
[silk_over_copper]: Silkscreen clipped by solder mask
    Local override; warning
    @(289.0540 mm, -194.5015 mm): Polygon of C14 on F.Silkscreen
    @(289.4840 mm, -198.9700 mm): Pad P2 [GND] of C15 on F.Cu
[silk_over_copper]: Silkscreen clipped by solder mask
    Local override; warning
    @(289.0540 mm, -194.5015 mm): Polygon of C14 on F.Silkscreen
    @(289.4840 mm, -204.8300 mm): Pad P2 [GND] of C16 on F.Cu
[silk_over_copper]: Silkscreen clipped by solder mask
    Local override; warning
    @(289.0540 mm, -194.5015 mm): Polygon of C14 on F.Silkscreen
    @(289.4840 mm, -210.6900 mm): Pad P2 [GND] of C17 on F.Cu
[silk_over_copper]: Silkscreen clipped by solder mask
    Local override; warning
    @(289.0540 mm, -194.5015 mm): Polygon of C14 on F.Silkscreen
    @(289.4840 mm, -216.5500 mm): Pad P2 [GND] of C18 on F.Cu
[silk_over_copper]: Silkscreen clipped by solder mask
    Local override; warning
    @(289.0540 mm, -194.5015 mm): Polygon of C14 on F.Silkscreen
    @(289.2090 mm, -222.4100 mm): Pad P2 [GND] of C19 on F.Cu
[silk_over_copper]: Silkscreen clipped by solder mask
    Local override; warning
    @(289.0540 mm, -194.5015 mm): Polygon of C14 on F.Silkscreen
    @(289.2090 mm, -228.2700 mm): Pad P2 [GND] of C20 on F.Cu
[silk_over_copper]: Silkscreen clipped by solder mask
    Local override; warning
    @(289.0540 mm, -176.9215 mm): Polygon of C11 on F.Silkscreen
    @(289.4840 mm, -193.1100 mm): Pad P2 [GND] of C14 on F.Cu
[silk_over_copper]: Silkscreen clipped by solder mask
    Local override; warning
    @(289.0540 mm, -176.9215 mm): Polygon of C11 on F.Silkscreen
    @(289.4840 mm, -198.9700 mm): Pad P2 [GND] of C15 on F.Cu
[silk_over_copper]: Silkscreen clipped by solder mask
    Local override; warning
    @(289.0540 mm, -176.9215 mm): Polygon of C11 on F.Silkscreen
    @(289.4840 mm, -204.8300 mm): Pad P2 [GND] of C16 on F.Cu
[silk_over_copper]: Silkscreen clipped by solder mask
    Local override; warning
    @(289.0540 mm, -182.7815 mm): Polygon of C12 on F.Silkscreen
    @(289.4840 mm, -193.1100 mm): Pad P2 [GND] of C14 on F.Cu
[silk_over_copper]: Silkscreen clipped by solder mask
    Local override; warning
    @(289.0540 mm, -182.7815 mm): Polygon of C12 on F.Silkscreen
    @(289.4840 mm, -198.9700 mm): Pad P2 [GND] of C15 on F.Cu
[silk_over_copper]: Silkscreen clipped by solder mask
    Local override; warning
    @(289.0540 mm, -182.7815 mm): Polygon of C12 on F.Silkscreen
    @(289.4840 mm, -204.8300 mm): Pad P2 [GND] of C16 on F.Cu
[silk_over_copper]: Silkscreen clipped by solder mask
    Local override; warning
    @(289.0540 mm, -182.7815 mm): Polygon of C12 on F.Silkscreen
    @(289.4840 mm, -210.6900 mm): Pad P2 [GND] of C17 on F.Cu
[silk_over_copper]: Silkscreen clipped by solder mask
    Local override; warning
    @(289.0540 mm, -188.6415 mm): Polygon of C13 on F.Silkscreen
    @(289.4840 mm, -193.1100 mm): Pad P2 [GND] of C14 on F.Cu
[silk_over_copper]: Silkscreen clipped by solder mask
    Local override; warning
    @(289.0540 mm, -188.6415 mm): Polygon of C13 on F.Silkscreen
    @(289.4840 mm, -198.9700 mm): Pad P2 [GND] of C15 on F.Cu
[silk_over_copper]: Silkscreen clipped by solder mask
    Local override; warning
    @(289.0540 mm, -188.6415 mm): Polygon of C13 on F.Silkscreen
    @(289.4840 mm, -204.8300 mm): Pad P2 [GND] of C16 on F.Cu
[silk_over_copper]: Silkscreen clipped by solder mask
    Local override; warning
    @(289.0540 mm, -188.6415 mm): Polygon of C13 on F.Silkscreen
    @(289.4840 mm, -210.6900 mm): Pad P2 [GND] of C17 on F.Cu
[silk_over_copper]: Silkscreen clipped by solder mask
    Local override; warning
    @(289.0540 mm, -188.6415 mm): Polygon of C13 on F.Silkscreen
    @(289.4840 mm, -216.5500 mm): Pad P2 [GND] of C18 on F.Cu
[silk_over_copper]: Silkscreen clipped by solder mask
    Local override; warning
    @(289.0540 mm, -188.6415 mm): Polygon of C13 on F.Silkscreen
    @(289.2090 mm, -222.4100 mm): Pad P2 [GND] of C19 on F.Cu
[silk_over_copper]: Silkscreen clipped by solder mask
    Local override; warning
    @(330.3970 mm, -165.7855 mm): Polygon of R9 on F.Silkscreen
    @(287.9340 mm, -204.8300 mm): Pad P1 [3V3_RAIL] of C16 on F.Cu
[silk_over_copper]: Silkscreen clipped by solder mask
    Local override; warning
    @(330.3970 mm, -165.7855 mm): Polygon of R9 on F.Silkscreen
    @(289.4840 mm, -204.8300 mm): Pad P2 [GND] of C16 on F.Cu
[silk_over_copper]: Silkscreen clipped by solder mask
    Local override; warning
    @(279.4688 mm, -117.8874 mm): Polygon of R3_1 on F.Silkscreen
    @(287.6590 mm, -222.4100 mm): Pad P1 [5V_RAIL] of C19 on F.Cu
[silk_over_copper]: Silkscreen clipped by solder mask
    Local override; warning
    @(278.9138 mm, -117.4594 mm): Polygon of R3_1 on F.Silkscreen
    @(287.6590 mm, -228.2700 mm): Pad P1 [U10_VCC] of C20 on F.Cu
[silk_over_copper]: Silkscreen clipped by solder mask
    Local override; warning
    @(278.9138 mm, -117.4594 mm): Polygon of R3_1 on F.Silkscreen
    @(287.6590 mm, -222.4100 mm): Pad P1 [5V_RAIL] of C19 on F.Cu
[silk_over_copper]: Silkscreen clipped by solder mask
    Local override; warning
    @(289.0540 mm, -171.0615 mm): Polygon of C10 on F.Silkscreen
    @(289.4840 mm, -193.1100 mm): Pad P2 [GND] of C14 on F.Cu
[silk_over_copper]: Silkscreen clipped by solder mask
    Local override; warning
    @(289.0540 mm, -171.0615 mm): Polygon of C10 on F.Silkscreen
    @(289.4840 mm, -198.9700 mm): Pad P2 [GND] of C15 on F.Cu
[silk_over_copper]: Silkscreen clipped by solder mask
    Local override; warning
    @(289.0540 mm, -171.0615 mm): Polygon of C10 on F.Silkscreen
    @(289.4840 mm, -216.5500 mm): Pad P2 [GND] of C18 on F.Cu

** Found 352 unconnected pads **
[unconnected_items]: Missing connection between items
    Local override; error
    @(123.0369 mm, -120.8124 mm): Pad P1 [12V_IN] of F1 on F.Cu
    @(397.5803 mm, -119.5000 mm): Pad C [12V_IN] of D1 on F.Cu
[unconnected_items]: Missing connection between items
    Local override; error
    @(397.5803 mm, -119.5000 mm): Pad C [12V_IN] of D1 on F.Cu
    @(431.8703 mm, -119.5000 mm): PTH pad 1 [12V_IN] of J1
[unconnected_items]: Missing connection between items
    Local override; error
    @(129.6369 mm, -120.8124 mm): Pad P2 [12V_PROTECTED] of F1 on F.Cu
    @(266.7845 mm, -120.4500 mm): Pad D [12V_PROTECTED] of Q5 on F.Cu
[unconnected_items]: Missing connection between items
    Local override; error
    @(20.3709 mm, -133.8502 mm): Via [12V_RAIL] on F.Cu - B.Cu
    @(20.3709 mm, -131.3102 mm): PTH pad + IN [12V_RAIL] of U12
[unconnected_items]: Missing connection between items
    Local override; error
    @(20.3709 mm, -131.3102 mm): PTH pad + IN [12V_RAIL] of U12
    @(269.0845 mm, -119.5000 mm): Pad S [12V_RAIL] of Q5 on F.Cu
[unconnected_items]: Missing connection between items
    Local override; error
    @(269.0845 mm, -119.5000 mm): Pad S [12V_RAIL] of Q5 on F.Cu
    @(287.9340 mm, -122.7900 mm): Pad P1 [12V_RAIL] of C2 on F.Cu
[unconnected_items]: Missing connection between items
    Local override; error
    @(287.9340 mm, -122.7900 mm): Pad P1 [12V_RAIL] of C2 on F.Cu
    @(374.6153 mm, -119.5000 mm): Pad 2 [12V_RAIL] of D10 on F.Cu
[unconnected_items]: Missing connection between items
    Local override; error
    @(374.6153 mm, -119.5000 mm): Pad 2 [12V_RAIL] of D10 on F.Cu
    @(431.8703 mm, -216.6600 mm): PTH pad 1 [12V_RAIL] of J8
[unconnected_items]: Missing connection between items
    Local override; error
    @(431.8703 mm, -227.6600 mm): PTH pad 1 [12V_RAIL] of J9
    @(431.8703 mm, -238.6600 mm): PTH pad 1 [12V_RAIL] of J10
[unconnected_items]: Missing connection between items
    Local override; error
    @(431.8703 mm, -216.6600 mm): PTH pad 1 [12V_RAIL] of J8
    @(431.8703 mm, -227.6600 mm): PTH pad 1 [12V_RAIL] of J9
[unconnected_items]: Missing connection between items
    Local override; error
    @(150.7707 mm, -169.1933 mm): Pad OE [1V8_RAIL] of U9 on F.Cu
    @(150.1707 mm, -169.1933 mm): Pad VCCA [1V8_RAIL] of U9 on F.Cu
[unconnected_items]: Missing connection between items
    Local override; error
    @(150.7707 mm, -169.1933 mm): Pad OE [1V8_RAIL] of U9 on F.Cu
    @(211.2095 mm, -121.4000 mm): Pad VOUT [1V8_RAIL] of U13 on F.Cu
[unconnected_items]: Missing connection between items
    Local override; error
    @(211.2095 mm, -121.4000 mm): Pad VOUT [1V8_RAIL] of U13 on F.Cu
    @(287.9340 mm, -210.6900 mm): Pad P1 [1V8_RAIL] of C17 on F.Cu
[unconnected_items]: Missing connection between items
    Local override; error
    @(287.9340 mm, -210.6900 mm): Pad P1 [1V8_RAIL] of C17 on F.Cu
    @(287.6590 mm, -333.7500 mm): Pad P1 [1V8_RAIL] of C40 on F.Cu
[unconnected_items]: Missing connection between items
    Local override; error
    @(58.4473 mm, -198.3060 mm): Pad VDD [3V3_RAIL] of J15 on F.Cu
    @(150.7707 mm, -168.6933 mm): Pad VCCB [3V3_RAIL] of U9 on F.Cu
[unconnected_items]: Missing connection between items
    Local override; error
    @(150.7707 mm, -168.6933 mm): Pad VCCB [3V3_RAIL] of U9 on F.Cu
    @(151.3459 mm, -156.2217 mm): Pad VCC [3V3_RAIL] of U7 on F.Cu
[unconnected_items]: Missing connection between items
    Local override; error
    @(151.3459 mm, -156.2217 mm): Pad VCC [3V3_RAIL] of U7 on F.Cu
    @(143.2342 mm, -122.7900 mm): Pad P2 [3V3_RAIL] of L2 on F.Cu
[unconnected_items]: Missing connection between items
    Local override; error
    @(190.7481 mm, -121.1039 mm): Pad VDD [3V3_RAIL] of U8 on F.Cu
    @(143.2342 mm, -122.7900 mm): Pad P2 [3V3_RAIL] of L2 on F.Cu
[unconnected_items]: Missing connection between items
    Local override; error
    @(190.7481 mm, -120.6039 mm): Pad VIO [3V3_RAIL] of U8 on F.Cu
    @(190.7481 mm, -121.1039 mm): Pad VDD [3V3_RAIL] of U8 on F.Cu
[unconnected_items]: Missing connection between items
    Local override; error
    @(191.4981 mm, -121.8539 mm): Pad VREGIN [3V3_RAIL] of U8 on F.Cu
    @(190.7481 mm, -121.1039 mm): Pad VDD [3V3_RAIL] of U8 on F.Cu
[unconnected_items]: Missing connection between items
    Local override; error
    @(191.4981 mm, -121.8539 mm): Pad VREGIN [3V3_RAIL] of U8 on F.Cu
    @(213.8095 mm, -121.4000 mm): Pad VIN [3V3_RAIL] of U13 on F.Cu
[unconnected_items]: Missing connection between items
    Local override; error
    @(213.8095 mm, -121.4000 mm): Pad VIN [3V3_RAIL] of U13 on F.Cu
    @(213.8095 mm, -119.5000 mm): Pad ~{SHUTDOWN} [3V3_RAIL] of U13 on F.Cu
[unconnected_items]: Missing connection between items
    Local override; error
    @(234.2595 mm, -120.9969 mm): Pad VCC [3V3_RAIL] of U2 on F.Cu
    @(213.8095 mm, -121.4000 mm): Pad VIN [3V3_RAIL] of U13 on F.Cu
[unconnected_items]: Missing connection between items
    Local override; error
    @(241.9095 mm, -125.9130 mm): Pad 3V3 [3V3_RAIL] of U1 on F.Cu
    @(234.2595 mm, -120.9969 mm): Pad VCC [3V3_RAIL] of U2 on F.Cu
[unconnected_items]: Missing connection between items
    Local override; error
    @(241.9095 mm, -125.9130 mm): Pad 3V3 [3V3_RAIL] of U1 on F.Cu
    @(287.6590 mm, -134.5100 mm): Pad P1 [3V3_RAIL] of C4 on F.Cu
[unconnected_items]: Missing connection between items
    Local override; error
    @(287.6590 mm, -327.8900 mm): Pad P1 [3V3_RAIL] of C39 on F.Cu
    @(287.6590 mm, -345.4700 mm): Pad P1 [3V3_RAIL] of C42 on F.Cu
[unconnected_items]: Missing connection between items
    Local override; error
    @(287.6590 mm, -327.8900 mm): Pad P1 [3V3_RAIL] of C39 on F.Cu
    @(330.2990 mm, -327.8900 mm): Pad P1 [3V3_RAIL] of R37 on F.Cu
[unconnected_items]: Missing connection between items
    Local override; error
    @(287.6590 mm, -239.9900 mm): Pad P1 [3V3_RAIL] of C22 on F.Cu
    @(287.6590 mm, -234.1300 mm): Pad P1 [3V3_RAIL] of C21 on F.Cu
[unconnected_items]: Missing connection between items
    Local override; error
    @(287.6590 mm, -234.1300 mm): Pad P1 [3V3_RAIL] of C21 on F.Cu
    @(287.9340 mm, -216.5500 mm): Pad P1 [3V3_RAIL] of C18 on F.Cu
[unconnected_items]: Missing connection between items
    Local override; error
    @(287.6590 mm, -157.9500 mm): Pad P1 [3V3_RAIL] of C8 on F.Cu
    @(287.6590 mm, -152.0900 mm): Pad P1 [3V3_RAIL] of C7 on F.Cu
[unconnected_items]: Missing connection between items
    Local override; error
    @(287.6590 mm, -157.9500 mm): Pad P1 [3V3_RAIL] of C8 on F.Cu
    @(287.9340 mm, -163.8100 mm): Pad P1 [3V3_RAIL] of C9 on F.Cu
[unconnected_items]: Missing connection between items
    Local override; error
    @(287.6590 mm, -152.0900 mm): Pad P1 [3V3_RAIL] of C7 on F.Cu
    @(287.6590 mm, -146.2300 mm): Pad P1 [3V3_RAIL] of C6 on F.Cu
[unconnected_items]: Missing connection between items
    Local override; error
    @(287.6590 mm, -140.3700 mm): Pad P1 [3V3_RAIL] of C5 on F.Cu
    @(287.6590 mm, -134.5100 mm): Pad P1 [3V3_RAIL] of C4 on F.Cu
[unconnected_items]: Missing connection between items
    Local override; error
    @(287.6590 mm, -140.3700 mm): Pad P1 [3V3_RAIL] of C5 on F.Cu
    @(287.6590 mm, -146.2300 mm): Pad P1 [3V3_RAIL] of C6 on F.Cu
[unconnected_items]: Missing connection between items
    Local override; error
    @(287.9340 mm, -351.3300 mm): Pad P1 [3V3_RAIL] of C43 on F.Cu
    @(287.6590 mm, -345.4700 mm): Pad P1 [3V3_RAIL] of C42 on F.Cu
[unconnected_items]: Missing connection between items
    Local override; error
    @(287.9340 mm, -216.5500 mm): Pad P1 [3V3_RAIL] of C18 on F.Cu
    @(287.9340 mm, -204.8300 mm): Pad P1 [3V3_RAIL] of C16 on F.Cu
[unconnected_items]: Missing connection between items
    Local override; error
    @(287.9340 mm, -204.8300 mm): Pad P1 [3V3_RAIL] of C16 on F.Cu
    @(287.9340 mm, -198.9700 mm): Pad P1 [3V3_RAIL] of C15 on F.Cu
[unconnected_items]: Missing connection between items
    Local override; error
    @(287.9340 mm, -193.1100 mm): Pad P1 [3V3_RAIL] of C14 on F.Cu
    @(287.9340 mm, -198.9700 mm): Pad P1 [3V3_RAIL] of C15 on F.Cu
[unconnected_items]: Missing connection between items
    Local override; error
    @(287.9340 mm, -187.2500 mm): Pad P1 [3V3_RAIL] of C13 on F.Cu
    @(287.9340 mm, -193.1100 mm): Pad P1 [3V3_RAIL] of C14 on F.Cu
[unconnected_items]: Missing connection between items
    Local override; error
    @(287.9340 mm, -181.3900 mm): Pad P1 [3V3_RAIL] of C12 on F.Cu
    @(287.9340 mm, -187.2500 mm): Pad P1 [3V3_RAIL] of C13 on F.Cu
[unconnected_items]: Missing connection between items
    Local override; error
    @(287.9340 mm, -175.5300 mm): Pad P1 [3V3_RAIL] of C11 on F.Cu
    @(287.9340 mm, -181.3900 mm): Pad P1 [3V3_RAIL] of C12 on F.Cu
[unconnected_items]: Missing connection between items
    Local override; error
    @(287.9340 mm, -175.5300 mm): Pad P1 [3V3_RAIL] of C11 on F.Cu
    @(287.9340 mm, -169.6700 mm): Pad P1 [3V3_RAIL] of C10 on F.Cu
[unconnected_items]: Missing connection between items
    Local override; error
    @(287.9340 mm, -163.8100 mm): Pad P1 [3V3_RAIL] of C9 on F.Cu
    @(287.9340 mm, -169.6700 mm): Pad P1 [3V3_RAIL] of C10 on F.Cu
[unconnected_items]: Missing connection between items
    Local override; error
    @(308.2690 mm, -152.5550 mm): Pad VBUS [3V3_RAIL] of D7 on F.Cu
    @(308.2690 mm, -159.5650 mm): Pad VBUS [3V3_RAIL] of D8 on F.Cu
[unconnected_items]: Missing connection between items
    Local override; error
    @(308.2690 mm, -152.5550 mm): Pad VBUS [3V3_RAIL] of D7 on F.Cu
    @(308.2690 mm, -145.5450 mm): Pad VBUS [3V3_RAIL] of D6 on F.Cu
[unconnected_items]: Missing connection between items
    Local override; error
    @(308.2690 mm, -152.5550 mm): Pad VBUS [3V3_RAIL] of D7 on F.Cu
    @(287.6590 mm, -152.0900 mm): Pad P1 [3V3_RAIL] of C7 on F.Cu
[unconnected_items]: Missing connection between items
    Local override; error
    @(308.2690 mm, -152.5550 mm): Pad VBUS [3V3_RAIL] of D7 on F.Cu
    @(330.5740 mm, -152.0900 mm): Pad P1 [3V3_RAIL] of R7 on F.Cu
[unconnected_items]: Missing connection between items
    Local override; error
    @(308.2690 mm, -145.5450 mm): Pad VBUS [3V3_RAIL] of D6 on F.Cu
    @(308.2690 mm, -138.5350 mm): Pad VBUS [3V3_RAIL] of D5 on F.Cu
[unconnected_items]: Missing connection between items
    Local override; error
    @(308.2690 mm, -131.5250 mm): Pad VBUS [3V3_RAIL] of D4 on F.Cu
    @(308.2690 mm, -138.5350 mm): Pad VBUS [3V3_RAIL] of D5 on F.Cu
[unconnected_items]: Missing connection between items
    Local override; error
    @(308.2690 mm, -124.5150 mm): Pad VBUS [3V3_RAIL] of D3 on F.Cu
    @(308.2690 mm, -131.5250 mm): Pad VBUS [3V3_RAIL] of D4 on F.Cu
[unconnected_items]: Missing connection between items
    Local override; error
    @(316.4390 mm, -129.0000 mm): Pad VCC [3V3_RAIL] of U6 on F.Cu
    @(308.2690 mm, -131.5250 mm): Pad VBUS [3V3_RAIL] of D4 on F.Cu
[unconnected_items]: Missing connection between items
    Local override; error
    @(330.2990 mm, -398.2100 mm): Pad P1 [3V3_RAIL] of R49 on F.Cu
    @(330.8740 mm, -363.0500 mm): Pad P1 [3V3_RAIL] of R43 on F.Cu
[unconnected_items]: Missing connection between items
    Local override; error
    @(330.2990 mm, -357.1900 mm): Pad P1 [3V3_RAIL] of R42 on F.Cu
    @(330.8740 mm, -363.0500 mm): Pad P1 [3V3_RAIL] of R43 on F.Cu
[unconnected_items]: Missing connection between items
    Local override; error
    @(330.2990 mm, -327.8900 mm): Pad P1 [3V3_RAIL] of R37 on F.Cu
    @(330.2990 mm, -322.0300 mm): Pad P1 [3V3_RAIL] of R36 on F.Cu
[unconnected_items]: Missing connection between items
    Local override; error
    @(330.2990 mm, -327.8900 mm): Pad P1 [3V3_RAIL] of R37 on F.Cu
    @(330.2990 mm, -357.1900 mm): Pad P1 [3V3_RAIL] of R42 on F.Cu
[unconnected_items]: Missing connection between items
    Local override; error
    @(330.2990 mm, -286.8700 mm): Pad P1 [3V3_RAIL] of R30 on F.Cu
    @(330.2990 mm, -322.0300 mm): Pad P1 [3V3_RAIL] of R36 on F.Cu
[unconnected_items]: Missing connection between items
    Local override; error
    @(330.2990 mm, -286.8700 mm): Pad P1 [3V3_RAIL] of R30 on F.Cu
    @(330.2990 mm, -245.8500 mm): Pad P1 [3V3_RAIL] of R23 on F.Cu
[unconnected_items]: Missing connection between items
    Local override; error
    @(330.2990 mm, -245.8500 mm): Pad P1 [3V3_RAIL] of R23 on F.Cu
    @(287.6590 mm, -239.9900 mm): Pad P1 [3V3_RAIL] of C22 on F.Cu
[unconnected_items]: Missing connection between items
    Local override; error
    @(330.2990 mm, -193.1100 mm): Pad P1 [3V3_RAIL] of R14 on F.Cu
    @(330.2990 mm, -198.9700 mm): Pad P1 [3V3_RAIL] of R15 on F.Cu
[unconnected_items]: Missing connection between items
    Local override; error
    @(330.2990 mm, -187.2500 mm): Pad P1 [3V3_RAIL] of R13 on F.Cu
    @(330.2990 mm, -193.1100 mm): Pad P1 [3V3_RAIL] of R14 on F.Cu
[unconnected_items]: Missing connection between items
    Local override; error
    @(330.2990 mm, -187.2500 mm): Pad P1 [3V3_RAIL] of R13 on F.Cu
    @(330.5740 mm, -181.3900 mm): Pad P1 [3V3_RAIL] of R12 on F.Cu
[unconnected_items]: Missing connection between items
    Local override; error
    @(330.5740 mm, -181.3900 mm): Pad P1 [3V3_RAIL] of R12 on F.Cu
    @(330.5740 mm, -175.5300 mm): Pad P1 [3V3_RAIL] of R11 on F.Cu
[unconnected_items]: Missing connection between items
    Local override; error
    @(330.5740 mm, -175.5300 mm): Pad P1 [3V3_RAIL] of R11 on F.Cu
    @(330.5740 mm, -169.6700 mm): Pad P1 [3V3_RAIL] of R10 on F.Cu
[unconnected_items]: Missing connection between items
    Local override; error
    @(330.5740 mm, -169.6700 mm): Pad P1 [3V3_RAIL] of R10 on F.Cu
    @(330.5740 mm, -163.8100 mm): Pad P1 [3V3_RAIL] of R9 on F.Cu
[unconnected_items]: Missing connection between items
    Local override; error
    @(330.5740 mm, -163.8100 mm): Pad P1 [3V3_RAIL] of R9 on F.Cu
    @(330.5740 mm, -157.9500 mm): Pad P1 [3V3_RAIL] of R8 on F.Cu
[unconnected_items]: Missing connection between items
    Local override; error
    @(330.5740 mm, -152.0900 mm): Pad P1 [3V3_RAIL] of R7 on F.Cu
    @(330.5740 mm, -157.9500 mm): Pad P1 [3V3_RAIL] of R8 on F.Cu
[unconnected_items]: Missing connection between items
    Local override; error
    @(330.5740 mm, -152.0900 mm): Pad P1 [3V3_RAIL] of R7 on F.Cu
    @(381.8853 mm, -119.5000 mm): Pad VDD [3V3_RAIL] of U4 on F.Cu
[unconnected_items]: Missing connection between items
    Local override; error
    @(381.8853 mm, -119.5000 mm): Pad VDD [3V3_RAIL] of U4 on F.Cu
    @(433.3253 mm, -130.5000 mm): Pad 1 [3V3_RAIL] of J2 on F.Cu
[unconnected_items]: Missing connection between items
    Local override; error
    @(433.3253 mm, -159.2200 mm): Pad 1 [3V3_RAIL] of J4 on F.Cu
    @(433.3253 mm, -144.8600 mm): Pad 1 [3V3_RAIL] of J3 on F.Cu
[unconnected_items]: Missing connection between items
    Local override; error
    @(433.3253 mm, -144.8600 mm): Pad 1 [3V3_RAIL] of J3 on F.Cu
    @(433.3253 mm, -130.5000 mm): Pad 1 [3V3_RAIL] of J2 on F.Cu
[unconnected_items]: Missing connection between items
    Local override; error
    @(434.2303 mm, -202.3000 mm): Pad 1 [3V3_RAIL] of J7 on F.Cu
    @(433.3253 mm, -159.2200 mm): Pad 1 [3V3_RAIL] of J4 on F.Cu
[unconnected_items]: Missing connection between items
    Local override; error
    @(143.2342 mm, -128.6500 mm): Pad P2 [3V8_PRE_FILTER] of L3 on F.Cu
    @(141.3842 mm, -116.9300 mm): Pad P1 [3V8_PRE_FILTER] of L1 on F.Cu
[unconnected_items]: Missing connection between items
    Local override; error
    @(143.2342 mm, -128.6500 mm): Pad P2 [3V8_PRE_FILTER] of L3 on F.Cu
    @(287.6590 mm, -257.5700 mm): Pad P1 [3V8_PRE_FILTER] of C25 on F.Cu
[unconnected_items]: Missing connection between items
    Local override; error
    @(287.6590 mm, -257.5700 mm): Pad P1 [3V8_PRE_FILTER] of C25 on F.Cu
    @(287.6590 mm, -263.4300 mm): Pad P1 [3V8_PRE_FILTER] of C26 on F.Cu
[unconnected_items]: Missing connection between items
    Local override; error
    @(330.8740 mm, -380.6300 mm): Pad P1 [3V8_PRE_FILTER] of R46 on F.Cu
    @(287.6590 mm, -263.4300 mm): Pad P1 [3V8_PRE_FILTER] of C26 on F.Cu
[unconnected_items]: Missing connection between items
    Local override; error
    @(142.9592 mm, -116.9300 mm): Pad P2 [3V8_SIM_RAIL] of L1 on F.Cu
    @(287.9340 mm, -116.9300 mm): Pad P1 [3V8_SIM_RAIL] of C1 on F.Cu
[unconnected_items]: Missing connection between items
    Local override; error
    @(287.9340 mm, -116.9300 mm): Pad P1 [3V8_SIM_RAIL] of C1 on F.Cu
    @(287.9340 mm, -286.8700 mm): Pad P1 [3V8_SIM_RAIL] of C30 on F.Cu
[unconnected_items]: Missing connection between items
    Local override; error
    @(43.7252 mm, -133.8502 mm): Via [5V_RAIL] on F.Cu - B.Cu
    @(43.7252 mm, -131.3102 mm): PTH pad + OUT [5V_RAIL] of U12
[unconnected_items]: Missing connection between items
    Local override; error
    @(43.7252 mm, -131.3102 mm): PTH pad + OUT [5V_RAIL] of U12
    @(94.4385 mm, -123.5431 mm): Pad VIN [5V_RAIL] of U11 on F.Cu
[unconnected_items]: Missing connection between items
    Local override; error
    @(149.7717 mm, -178.3078 mm): Pad IN [5V_RAIL] of U10 on F.Cu
    @(94.4385 mm, -123.5431 mm): Pad VIN [5V_RAIL] of U11 on F.Cu
[unconnected_items]: Missing connection between items
    Local override; error
    @(149.7717 mm, -178.3078 mm): Pad IN [5V_RAIL] of U10 on F.Cu
    @(287.6590 mm, -222.4100 mm): Pad P1 [5V_RAIL] of C19 on F.Cu
[unconnected_items]: Missing connection between items
    Local override; error
    @(287.6590 mm, -251.7100 mm): Pad P1 [5V_RAIL] of C24 on F.Cu
    @(330.5740 mm, -333.7500 mm): Pad P1 [5V_RAIL] of R38 on F.Cu
[unconnected_items]: Missing connection between items
    Local override; error
    @(287.6590 mm, -245.8500 mm): Pad P1 [5V_RAIL] of C23 on F.Cu
    @(287.6590 mm, -251.7100 mm): Pad P1 [5V_RAIL] of C24 on F.Cu
[unconnected_items]: Missing connection between items
    Local override; error
    @(287.6590 mm, -222.4100 mm): Pad P1 [5V_RAIL] of C19 on F.Cu
    @(287.6590 mm, -245.8500 mm): Pad P1 [5V_RAIL] of C23 on F.Cu
[unconnected_items]: Missing connection between items
    Local override; error
    @(287.6590 mm, -128.6500 mm): Pad P1 [5V_RAIL] of C3 on F.Cu
    @(340.8472 mm, -120.3416 mm): Pad K [5V_RAIL] of D15 on F.Cu
[unconnected_items]: Missing connection between items
    Local override; error
    @(287.6590 mm, -128.6500 mm): Pad P1 [5V_RAIL] of C3 on F.Cu
    @(287.6590 mm, -222.4100 mm): Pad P1 [5V_RAIL] of C19 on F.Cu
[unconnected_items]: Missing connection between items
    Local override; error
    @(330.5740 mm, -339.6100 mm): Pad P1 [5V_RAIL] of R39 on F.Cu
    @(330.5740 mm, -333.7500 mm): Pad P1 [5V_RAIL] of R38 on F.Cu
[unconnected_items]: Missing connection between items
    Local override; error
    @(340.8472 mm, -120.3416 mm): Pad K [5V_RAIL] of D15 on F.Cu
    @(434.2303 mm, -173.5800 mm): Pad 1 [5V_RAIL] of J5 on F.Cu
[unconnected_items]: Missing connection between items
    Local override; error
    @(12.6250 mm, -134.3000 mm): Pad B [AUTO_DTR_B] of Q6 on F.Cu
    @(331.9490 mm, -345.4700 mm): Pad P2 [AUTO_DTR_B] of R40 on F.Cu
[unconnected_items]: Missing connection between items
    Local override; error
    @(12.6250 mm, -147.2000 mm): Pad B [AUTO_RTS_B] of Q7 on F.Cu
    @(331.9490 mm, -351.3300 mm): Pad P2 [AUTO_RTS_B] of R41 on F.Cu
[unconnected_items]: Missing connection between items
    Local override; error
    @(10.6250 mm, -146.2500 mm): Pad C [BOOT_BTN] of Q7 on F.Cu
    @(259.4095 mm, -141.1530 mm): Pad IO0 [BOOT_BTN] of U1 on F.Cu
[unconnected_items]: Missing connection between items
    Local override; error
    @(331.9490 mm, -187.2500 mm): Pad P2 [BOOT_BTN] of R13 on F.Cu
    @(259.4095 mm, -141.1530 mm): Pad IO0 [BOOT_BTN] of U1 on F.Cu
[unconnected_items]: Missing connection between items
    Local override; error
    @(365.7253 mm, -117.4850 mm): Pad ~ [BOOT_BTN] of SW1 on F.Cu
    @(331.9490 mm, -187.2500 mm): Pad P2 [BOOT_BTN] of R13 on F.Cu
[unconnected_items]: Missing connection between items
    Local override; error
    @(259.4095 mm, -136.0730 mm): Pad IO38 [BUZZ_GATE] of U1 on F.Cu
    @(330.2990 mm, -128.6500 mm): Pad P1 [BUZZ_GATE] of R3 on F.Cu
[unconnected_items]: Missing connection between items
    Local override; error
    @(330.2990 mm, -146.2300 mm): Pad P1 [BUZZ_GATE_DRV] of R6 on F.Cu
    @(331.9490 mm, -128.6500 mm): Pad P2 [BUZZ_GATE_DRV] of R3 on F.Cu
[unconnected_items]: Missing connection between items
    Local override; error
    @(331.9490 mm, -128.6500 mm): Pad P2 [BUZZ_GATE_DRV] of R3 on F.Cu
    @(389.1053 mm, -129.5000 mm): Pad G [BUZZ_GATE_DRV] of Q3 on F.Cu
[unconnected_items]: Missing connection between items
    Local override; error
    @(372.2753 mm, -119.5000 mm): Pad 1 [BUZZ_SW] of D10 on F.Cu
    @(391.1053 mm, -130.4500 mm): Pad D [BUZZ_SW] of Q3 on F.Cu
[unconnected_items]: Missing connection between items
    Local override; error
    @(391.1053 mm, -130.4500 mm): Pad D [BUZZ_SW] of Q3 on F.Cu
    @(429.3303 mm, -238.6600 mm): PTH pad 2 [BUZZ_SW] of J10
[unconnected_items]: Missing connection between items
    Local override; error
    @(287.9340 mm, -339.6100 mm): Pad P1 [CP2102_RST] of C41 on F.Cu
    @(192.4981 mm, -121.8539 mm): Pad RSTb [CP2102_RST] of U8 on F.Cu
[unconnected_items]: Missing connection between items
    Local override; error
    @(331.9490 mm, -357.1900 mm): Pad P2 [CP2102_RST] of R42 on F.Cu
    @(287.9340 mm, -339.6100 mm): Pad P1 [CP2102_RST] of C41 on F.Cu
[unconnected_items]: Missing connection between items
    Local override; error
    @(234.2595 mm, -123.5369 mm): Pad TXEN [DIO2] of U2 on F.Cu
    @(234.2595 mm, -122.2669 mm): Pad DIO2 [DIO2] of U2 on F.Cu
[unconnected_items]: Missing connection between items
    Local override; error
    @(12.6250 mm, -145.3000 mm): Pad E [DTR] of Q7 on F.Cu
    @(191.9981 mm, -117.8539 mm): Pad DTR [DTR] of U8 on F.Cu
[unconnected_items]: Missing connection between items
    Local override; error
    @(191.9981 mm, -117.8539 mm): Pad DTR [DTR] of U8 on F.Cu
    @(330.2990 mm, -345.4700 mm): Pad P1 [DTR] of R40 on F.Cu
[unconnected_items]: Missing connection between items
    Local override; error
    @(10.6250 mm, -133.3500 mm): Pad C [EN] of Q6 on F.Cu
    @(241.9095 mm, -127.1830 mm): Pad EN [EN] of U1 on F.Cu
[unconnected_items]: Missing connection between items
    Local override; error
    @(287.6590 mm, -298.5900 mm): Pad P1 [EN] of C32 on F.Cu
    @(331.9490 mm, -198.9700 mm): Pad P2 [EN] of R15 on F.Cu
[unconnected_items]: Missing connection between items
    Local override; error
    @(331.9490 mm, -198.9700 mm): Pad P2 [EN] of R15 on F.Cu
    @(241.9095 mm, -127.1830 mm): Pad EN [EN] of U1 on F.Cu
[unconnected_items]: Missing connection between items
    Local override; error
    @(365.7253 mm, -128.9550 mm): Pad ~ [EN] of SW2 on F.Cu
    @(331.9490 mm, -198.9700 mm): Pad P2 [EN] of R15 on F.Cu
[unconnected_items]: Missing connection between items
    Local override; error
    @(381.3753 mm, -122.3000 mm): Pad CIN1 [FDC_CIN1] of U4 on F.Cu
    @(434.2303 mm, -187.9400 mm): Pad 1 [FDC_CIN1] of J6 on F.Cu
[unconnected_items]: Missing connection between items
    Local override; error
    @(381.8853 mm, -122.3000 mm): Pad CIN2 [FDC_CIN2] of U4 on F.Cu
    @(432.9803 mm, -187.9400 mm): Pad 2 [FDC_CIN2] of J6 on F.Cu
[unconnected_items]: Missing connection between items
    Local override; error
    @(380.8853 mm, -122.3000 mm): Pad SHLD1 [FDC_SHLD1] of U4 on F.Cu
    @(431.7303 mm, -187.9400 mm): Pad 3 [FDC_SHLD1] of J6 on F.Cu
[unconnected_items]: Missing connection between items
    Local override; error
    @(382.8853 mm, -119.5000 mm): Pad SHLD2 [FDC_SHLD2] of U4 on F.Cu
    @(430.4803 mm, -187.9400 mm): Pad 4 [FDC_SHLD2] of J6 on F.Cu
[unconnected_items]: Missing connection between items
    Local override; error
    @(20.3709 mm, -120.3882 mm): Via [GND] on F.Cu - B.Cu
    @(20.3709 mm, -117.8482 mm): PTH pad - IN [GND] of U12
[unconnected_items]: Missing connection between items
    Local override; error
    @(43.7252 mm, -117.8482 mm): PTH pad - OUT [GND] of U12
    @(43.7252 mm, -120.3882 mm): Via [GND] on F.Cu - B.Cu
[unconnected_items]: Missing connection between items
    Local override; error
    @(43.7252 mm, -117.8482 mm): PTH pad - OUT [GND] of U12
    @(20.3709 mm, -117.8482 mm): PTH pad - IN [GND] of U12
[unconnected_items]: Missing connection between items
    Local override; error
    @(51.5488 mm, -140.0550 mm): Pad 2 [GND] of J11 on F.Cu
    @(43.7252 mm, -120.3882 mm): Via [GND] on F.Cu - B.Cu
[unconnected_items]: Missing connection between items
    Local override; error
    @(54.4988 mm, -140.0550 mm): Pad 3 [GND] of J11 on F.Cu
    @(51.5488 mm, -140.0550 mm): Pad 2 [GND] of J11 on F.Cu
[unconnected_items]: Missing connection between items
    Local override; error
    @(54.4988 mm, -140.0550 mm): Pad 3 [GND] of J11 on F.Cu
    @(82.8098 mm, -124.9744 mm): Pad - [GND] of BT1 on F.Cu
[unconnected_items]: Missing connection between items
    Local override; error
    @(56.2473 mm, -198.3060 mm): Pad VSS [GND] of J15 on F.Cu
    @(54.4988 mm, -140.0550 mm): Pad 3 [GND] of J11 on F.Cu
[unconnected_items]: Missing connection between items
    Local override; error
    @(65.6473 mm, -213.4060 mm): Pad SHIELD [GND] of J15 on F.Cu
    @(56.2473 mm, -198.3060 mm): Pad VSS [GND] of J15 on F.Cu
[unconnected_items]: Missing connection between items
    Local override; error
    @(94.4385 mm, -118.0031 mm): Pad GND [GND] of U11 on F.Cu
    @(82.8098 mm, -124.9744 mm): Pad - [GND] of BT1 on F.Cu
[unconnected_items]: Missing connection between items
    Local override; error
    @(110.4021 mm, -119.2300 mm): Pad A [GND] of D11 on F.Cu
    @(94.4385 mm, -118.0031 mm): Pad GND [GND] of U11 on F.Cu
[unconnected_items]: Missing connection between items
    Local override; error
    @(149.7717 mm, -179.6078 mm): Pad GND [GND] of U10 on F.Cu
    @(149.7717 mm, -177.6578 mm): Pad AAM [GND] of U10 on F.Cu
[unconnected_items]: Missing connection between items
    Local override; error
    @(149.7717 mm, -177.6578 mm): Pad AAM [GND] of U10 on F.Cu
    @(150.1707 mm, -168.6933 mm): Pad GND [GND] of U9 on F.Cu
[unconnected_items]: Missing connection between items
    Local override; error
    @(150.1707 mm, -168.6933 mm): Pad GND [GND] of U9 on F.Cu
    @(155.1559 mm, -156.2217 mm): Pad GND [GND] of U7 on F.Cu
[unconnected_items]: Missing connection between items
    Local override; error
    @(155.1559 mm, -156.2217 mm): Pad GND [GND] of U7 on F.Cu
    @(110.4021 mm, -119.2300 mm): Pad A [GND] of D11 on F.Cu
[unconnected_items]: Missing connection between items
    Local override; error
    @(190.7481 mm, -119.1039 mm): Pad GND [GND] of U8 on F.Cu
    @(155.1559 mm, -156.2217 mm): Pad GND [GND] of U7 on F.Cu
[unconnected_items]: Missing connection between items
    Local override; error
    @(192.7481 mm, -119.8639 mm): Pad EP [GND] of U8 on F.Cu
    @(190.7481 mm, -119.1039 mm): Pad GND [GND] of U8 on F.Cu
[unconnected_items]: Missing connection between items
    Local override; error
    @(203.1670 mm, -116.5550 mm): Pad K [GND] of D12 on F.Cu
    @(192.7481 mm, -119.8639 mm): Pad EP [GND] of U8 on F.Cu
[unconnected_items]: Missing connection between items
    Local override; error
    @(203.1670 mm, -116.5550 mm): Pad K [GND] of D12 on F.Cu
    @(213.8095 mm, -120.4500 mm): Pad GND [GND] of U13 on F.Cu
[unconnected_items]: Missing connection between items
    Local override; error
    @(213.8095 mm, -120.4500 mm): Pad GND [GND] of U13 on F.Cu
    @(241.9095 mm, -124.6430 mm): Pad GND_1 [GND] of U1 on F.Cu
[unconnected_items]: Missing connection between items
    Local override; error
    @(241.9095 mm, -124.6430 mm): Pad GND_1 [GND] of U1 on F.Cu
    @(247.7595 mm, -130.9630 mm): Pad GND_4 [GND] of U1 on F.Cu
[unconnected_items]: Missing connection between items
    Local override; error
    @(247.7595 mm, -133.7630 mm): Pad GND_6 [GND] of U1 on F.Cu
    @(249.1595 mm, -133.7630 mm): Pad GND_7 [GND] of U1 on F.Cu
[unconnected_items]: Missing connection between items
    Local override; error
    @(247.7595 mm, -132.3630 mm): Pad GND_5 [GND] of U1 on F.Cu
    @(247.7595 mm, -133.7630 mm): Pad GND_6 [GND] of U1 on F.Cu
[unconnected_items]: Missing connection between items
    Local override; error
    @(247.7595 mm, -130.9630 mm): Pad GND_4 [GND] of U1 on F.Cu
    @(247.7595 mm, -132.3630 mm): Pad GND_5 [GND] of U1 on F.Cu
[unconnected_items]: Missing connection between items
    Local override; error
    @(249.1595 mm, -133.7630 mm): Pad GND_7 [GND] of U1 on F.Cu
    @(249.1595 mm, -132.3630 mm): Pad GND_3 [GND] of U1 on F.Cu
[unconnected_items]: Missing connection between items
    Local override; error
    @(249.1595 mm, -130.9630 mm): Pad GND_11 [GND] of U1 on F.Cu
    @(247.7595 mm, -130.9630 mm): Pad GND_4 [GND] of U1 on F.Cu
[unconnected_items]: Missing connection between items
    Local override; error
    @(250.5595 mm, -133.7630 mm): Pad GND_8 [GND] of U1 on F.Cu
    @(249.1595 mm, -133.7630 mm): Pad GND_7 [GND] of U1 on F.Cu
[unconnected_items]: Missing connection between items
    Local override; error
    @(250.5595 mm, -132.3630 mm): Pad GND_9 [GND] of U1 on F.Cu
    @(250.5595 mm, -133.7630 mm): Pad GND_8 [GND] of U1 on F.Cu
[unconnected_items]: Missing connection between items
    Local override; error
    @(250.5595 mm, -130.9630 mm): Pad GND_10 [GND] of U1 on F.Cu
    @(250.5595 mm, -132.3630 mm): Pad GND_9 [GND] of U1 on F.Cu
[unconnected_items]: Missing connection between items
    Local override; error
    @(259.4095 mm, -124.6430 mm): Pad GND_2 [GND] of U1 on F.Cu
    @(269.0845 mm, -121.4000 mm): Pad G [GND] of Q5 on F.Cu
[unconnected_items]: Missing connection between items
    Local override; error
    @(259.4095 mm, -124.6430 mm): Pad GND_2 [GND] of U1 on F.Cu
    @(250.5595 mm, -130.9630 mm): Pad GND_10 [GND] of U1 on F.Cu
[unconnected_items]: Missing connection between items
    Local override; error
    @(269.0845 mm, -121.4000 mm): Pad G [GND] of Q5 on F.Cu
    @(277.4093 mm, -121.9159 mm): Pad P2 [GND] of R1_1 on F.Cu
[unconnected_items]: Missing connection between items
    Local override; error
    @(278.7093 mm, -121.9659 mm): Pad P2 [GND] of C1_1 on F.Cu
    @(277.4093 mm, -121.9159 mm): Pad P2 [GND] of R1_1 on F.Cu
[unconnected_items]: Missing connection between items
    Local override; error
    @(279.9593 mm, -121.9159 mm): Pad P2 [GND] of R2_1 on F.Cu
    @(278.7093 mm, -121.9659 mm): Pad P2 [GND] of C1_1 on F.Cu
[unconnected_items]: Missing connection between items
    Local override; error
    @(279.9593 mm, -121.9159 mm): Pad P2 [GND] of R2_1 on F.Cu
    @(279.9694 mm, -124.4274 mm): Via [GND] on F.Cu - B.Cu
[unconnected_items]: Missing connection between items
    Local override; error
    @(279.9593 mm, -121.9159 mm): Pad P2 [GND] of R2_1 on F.Cu
    @(279.9833 mm, -117.9409 mm): Pad GND [GND] of IC1 on F.Cu
[unconnected_items]: Missing connection between items
    Local override; error
    @(281.1918 mm, -117.9434 mm): Via [GND] on F.Cu - B.Cu
    @(279.9833 mm, -117.9409 mm): Pad GND [GND] of IC1 on F.Cu
[unconnected_items]: Missing connection between items
    Local override; error
    @(281.2093 mm, -121.9659 mm): Pad P2 [GND] of C3_1 on F.Cu
    @(279.9593 mm, -121.9159 mm): Pad P2 [GND] of R2_1 on F.Cu
[unconnected_items]: Missing connection between items
    Local override; error
    @(282.4593 mm, -121.9659 mm): Pad P2 [GND] of C2_1 on F.Cu
    @(281.2093 mm, -121.9659 mm): Pad P2 [GND] of C3_1 on F.Cu
[unconnected_items]: Missing connection between items
    Local override; error
    @(289.2090 mm, -345.4700 mm): Pad P2 [GND] of C42 on F.Cu
    @(289.4840 mm, -339.6100 mm): Pad P2 [GND] of C41 on F.Cu
[unconnected_items]: Missing connection between items
    Local override; error
    @(289.2090 mm, -333.7500 mm): Pad P2 [GND] of C40 on F.Cu
    @(289.2090 mm, -327.8900 mm): Pad P2 [GND] of C39 on F.Cu
[unconnected_items]: Missing connection between items
    Local override; error
    @(289.2090 mm, -310.3100 mm): Pad P2 [GND] of C36 on F.Cu
    @(289.2090 mm, -327.8900 mm): Pad P2 [GND] of C39 on F.Cu
[unconnected_items]: Missing connection between items
    Local override; error
    @(289.2090 mm, -298.5900 mm): Pad P2 [GND] of C32 on F.Cu
    @(289.4840 mm, -304.4500 mm): Pad P2 [GND] of C35 on F.Cu
[unconnected_items]: Missing connection between items
    Local override; error
    @(289.2090 mm, -275.1500 mm): Pad P2 [GND] of C28 on F.Cu
    @(289.2090 mm, -269.2900 mm): Pad P2 [GND] of C27 on F.Cu
[unconnected_items]: Missing connection between items
    Local override; error
    @(289.2090 mm, -275.1500 mm): Pad P2 [GND] of C28 on F.Cu
    @(289.2090 mm, -281.0100 mm): Pad P2 [GND] of C29 on F.Cu
[unconnected_items]: Missing connection between items
    Local override; error
    @(289.2090 mm, -269.2900 mm): Pad P2 [GND] of C27 on F.Cu
    @(289.2090 mm, -263.4300 mm): Pad P2 [GND] of C26 on F.Cu
[unconnected_items]: Missing connection between items
    Local override; error
    @(289.2090 mm, -263.4300 mm): Pad P2 [GND] of C26 on F.Cu
    @(289.2090 mm, -257.5700 mm): Pad P2 [GND] of C25 on F.Cu
[unconnected_items]: Missing connection between items
    Local override; error
    @(289.2090 mm, -257.5700 mm): Pad P2 [GND] of C25 on F.Cu
    @(289.2090 mm, -251.7100 mm): Pad P2 [GND] of C24 on F.Cu
[unconnected_items]: Missing connection between items
    Local override; error
    @(289.2090 mm, -251.7100 mm): Pad P2 [GND] of C24 on F.Cu
    @(289.2090 mm, -245.8500 mm): Pad P2 [GND] of C23 on F.Cu
[unconnected_items]: Missing connection between items
    Local override; error
    @(289.2090 mm, -245.8500 mm): Pad P2 [GND] of C23 on F.Cu
    @(289.2090 mm, -239.9900 mm): Pad P2 [GND] of C22 on F.Cu
[unconnected_items]: Missing connection between items
    Local override; error
    @(289.2090 mm, -239.9900 mm): Pad P2 [GND] of C22 on F.Cu
    @(289.2090 mm, -234.1300 mm): Pad P2 [GND] of C21 on F.Cu
[unconnected_items]: Missing connection between items
    Local override; error
    @(289.2090 mm, -234.1300 mm): Pad P2 [GND] of C21 on F.Cu
    @(289.2090 mm, -228.2700 mm): Pad P2 [GND] of C20 on F.Cu
[unconnected_items]: Missing connection between items
    Local override; error
    @(289.2090 mm, -228.2700 mm): Pad P2 [GND] of C20 on F.Cu
    @(289.2090 mm, -222.4100 mm): Pad P2 [GND] of C19 on F.Cu
[unconnected_items]: Missing connection between items
    Local override; error
    @(289.2090 mm, -222.4100 mm): Pad P2 [GND] of C19 on F.Cu
    @(289.4840 mm, -216.5500 mm): Pad P2 [GND] of C18 on F.Cu
[unconnected_items]: Missing connection between items
    Local override; error
    @(289.2090 mm, -152.0900 mm): Pad P2 [GND] of C7 on F.Cu
    @(289.2090 mm, -157.9500 mm): Pad P2 [GND] of C8 on F.Cu
[unconnected_items]: Missing connection between items
    Local override; error
    @(289.2090 mm, -152.0900 mm): Pad P2 [GND] of C7 on F.Cu
    @(289.2090 mm, -146.2300 mm): Pad P2 [GND] of C6 on F.Cu
[unconnected_items]: Missing connection between items
    Local override; error
    @(289.2090 mm, -146.2300 mm): Pad P2 [GND] of C6 on F.Cu
    @(289.2090 mm, -140.3700 mm): Pad P2 [GND] of C5 on F.Cu
[unconnected_items]: Missing connection between items
    Local override; error
    @(289.2090 mm, -140.3700 mm): Pad P2 [GND] of C5 on F.Cu
    @(289.2090 mm, -134.5100 mm): Pad P2 [GND] of C4 on F.Cu
[unconnected_items]: Missing connection between items
    Local override; error
    @(289.2090 mm, -128.6500 mm): Pad P2 [GND] of C3 on F.Cu
    @(289.2090 mm, -134.5100 mm): Pad P2 [GND] of C4 on F.Cu
[unconnected_items]: Missing connection between items
    Local override; error
    @(289.2090 mm, -128.6500 mm): Pad P2 [GND] of C3 on F.Cu
    @(289.4840 mm, -122.7900 mm): Pad P2 [GND] of C2 on F.Cu
[unconnected_items]: Missing connection between items
    Local override; error
    @(289.4840 mm, -351.3300 mm): Pad P2 [GND] of C43 on F.Cu
    @(289.2090 mm, -345.4700 mm): Pad P2 [GND] of C42 on F.Cu
[unconnected_items]: Missing connection between items
    Local override; error
    @(289.4840 mm, -339.6100 mm): Pad P2 [GND] of C41 on F.Cu
    @(289.2090 mm, -333.7500 mm): Pad P2 [GND] of C40 on F.Cu
[unconnected_items]: Missing connection between items
    Local override; error
    @(289.4840 mm, -304.4500 mm): Pad P2 [GND] of C35 on F.Cu
    @(289.2090 mm, -310.3100 mm): Pad P2 [GND] of C36 on F.Cu
[unconnected_items]: Missing connection between items
    Local override; error
    @(289.4840 mm, -286.8700 mm): Pad P2 [GND] of C30 on F.Cu
    @(289.2090 mm, -281.0100 mm): Pad P2 [GND] of C29 on F.Cu
[unconnected_items]: Missing connection between items
    Local override; error
    @(289.4840 mm, -286.8700 mm): Pad P2 [GND] of C30 on F.Cu
    @(289.2090 mm, -298.5900 mm): Pad P2 [GND] of C32 on F.Cu
[unconnected_items]: Missing connection between items
    Local override; error
    @(289.4840 mm, -216.5500 mm): Pad P2 [GND] of C18 on F.Cu
    @(289.4840 mm, -210.6900 mm): Pad P2 [GND] of C17 on F.Cu
[unconnected_items]: Missing connection between items
    Local override; error
    @(289.4840 mm, -204.8300 mm): Pad P2 [GND] of C16 on F.Cu
    @(289.4840 mm, -210.6900 mm): Pad P2 [GND] of C17 on F.Cu
[unconnected_items]: Missing connection between items
    Local override; error
    @(289.4840 mm, -198.9700 mm): Pad P2 [GND] of C15 on F.Cu
    @(289.4840 mm, -193.1100 mm): Pad P2 [GND] of C14 on F.Cu
[unconnected_items]: Missing connection between items
    Local override; error
    @(289.4840 mm, -198.9700 mm): Pad P2 [GND] of C15 on F.Cu
    @(289.4840 mm, -204.8300 mm): Pad P2 [GND] of C16 on F.Cu
[unconnected_items]: Missing connection between items
    Local override; error
    @(289.4840 mm, -193.1100 mm): Pad P2 [GND] of C14 on F.Cu
    @(289.4840 mm, -187.2500 mm): Pad P2 [GND] of C13 on F.Cu
[unconnected_items]: Missing connection between items
    Local override; error
    @(289.4840 mm, -187.2500 mm): Pad P2 [GND] of C13 on F.Cu
    @(289.4840 mm, -181.3900 mm): Pad P2 [GND] of C12 on F.Cu
[unconnected_items]: Missing connection between items
    Local override; error
    @(289.4840 mm, -181.3900 mm): Pad P2 [GND] of C12 on F.Cu
    @(289.4840 mm, -175.5300 mm): Pad P2 [GND] of C11 on F.Cu
[unconnected_items]: Missing connection between items
    Local override; error
    @(289.4840 mm, -169.6700 mm): Pad P2 [GND] of C10 on F.Cu
    @(289.4840 mm, -175.5300 mm): Pad P2 [GND] of C11 on F.Cu
[unconnected_items]: Missing connection between items
    Local override; error
    @(289.4840 mm, -163.8100 mm): Pad P2 [GND] of C9 on F.Cu
    @(289.4840 mm, -169.6700 mm): Pad P2 [GND] of C10 on F.Cu
[unconnected_items]: Missing connection between items
    Local override; error
    @(289.4840 mm, -163.8100 mm): Pad P2 [GND] of C9 on F.Cu
    @(289.2090 mm, -157.9500 mm): Pad P2 [GND] of C8 on F.Cu
[unconnected_items]: Missing connection between items
    Local override; error
    @(289.4840 mm, -122.7900 mm): Pad P2 [GND] of C2 on F.Cu
    @(289.4840 mm, -116.9300 mm): Pad P2 [GND] of C1 on F.Cu
[unconnected_items]: Missing connection between items
    Local override; error
    @(289.4840 mm, -122.7900 mm): Pad P2 [GND] of C2 on F.Cu
    @(295.9640 mm, -125.0400 mm): Pad GND [GND] of U14 on F.Cu
[unconnected_items]: Missing connection between items
    Local override; error
    @(289.4840 mm, -122.7900 mm): Pad P2 [GND] of C2 on F.Cu
    @(282.4593 mm, -121.9659 mm): Pad P2 [GND] of C2_1 on F.Cu
[unconnected_items]: Missing connection between items
    Local override; error
    @(306.0690 mm, -159.5650 mm): Pad GND [GND] of D8 on F.Cu
    @(306.0690 mm, -152.5550 mm): Pad GND [GND] of D7 on F.Cu
[unconnected_items]: Missing connection between items
    Local override; error
    @(306.0690 mm, -145.5450 mm): Pad GND [GND] of D6 on F.Cu
    @(306.0690 mm, -152.5550 mm): Pad GND [GND] of D7 on F.Cu
[unconnected_items]: Missing connection between items
    Local override; error
    @(306.0690 mm, -145.5450 mm): Pad GND [GND] of D6 on F.Cu
    @(306.0690 mm, -138.5350 mm): Pad GND [GND] of D5 on F.Cu
[unconnected_items]: Missing connection between items
    Local override; error
    @(306.0690 mm, -138.5350 mm): Pad GND [GND] of D5 on F.Cu
    @(306.0690 mm, -131.5250 mm): Pad GND [GND] of D4 on F.Cu
[unconnected_items]: Missing connection between items
    Local override; error
    @(306.0690 mm, -131.5250 mm): Pad GND [GND] of D4 on F.Cu
    @(306.0690 mm, -124.5150 mm): Pad GND [GND] of D3 on F.Cu
[unconnected_items]: Missing connection between items
    Local override; error
    @(306.0690 mm, -124.5150 mm): Pad GND [GND] of D3 on F.Cu
    @(295.9640 mm, -125.0400 mm): Pad GND [GND] of U14 on F.Cu
[unconnected_items]: Missing connection between items
    Local override; error
    @(306.0690 mm, -117.5050 mm): Pad GND [GND] of D2 on F.Cu
    @(306.0690 mm, -124.5150 mm): Pad GND [GND] of D3 on F.Cu
[unconnected_items]: Missing connection between items
    Local override; error
    @(306.0690 mm, -117.5050 mm): Pad GND [GND] of D2 on F.Cu
    @(318.9890 mm, -119.5000 mm): Pad GND [GND] of U6 on F.Cu
[unconnected_items]: Missing connection between items
    Local override; error
    @(318.9890 mm, -119.5000 mm): Pad GND [GND] of U6 on F.Cu
    @(331.9490 mm, -134.5100 mm): Pad P2 [GND] of R4 on F.Cu
[unconnected_items]: Missing connection between items
    Local override; error
    @(331.9490 mm, -386.4900 mm): Pad P2 [GND] of R47 on F.Cu
    @(332.5240 mm, -368.9100 mm): Pad P2 [GND] of R44 on F.Cu
[unconnected_items]: Missing connection between items
    Local override; error
    @(331.9490 mm, -146.2300 mm): Pad P2 [GND] of R6 on F.Cu
    @(331.9490 mm, -140.3700 mm): Pad P2 [GND] of R5 on F.Cu
[unconnected_items]: Missing connection between items
    Local override; error
    @(331.9490 mm, -134.5100 mm): Pad P2 [GND] of R4 on F.Cu
    @(331.9490 mm, -140.3700 mm): Pad P2 [GND] of R5 on F.Cu
[unconnected_items]: Missing connection between items
    Local override; error
    @(331.9490 mm, -134.5100 mm): Pad P2 [GND] of R4 on F.Cu
    @(381.8853 mm, -120.9000 mm): Pad EP [GND] of U4 on F.Cu
[unconnected_items]: Missing connection between items
    Local override; error
    @(332.2240 mm, -275.1500 mm): Pad P2 [GND] of R28 on F.Cu
    @(289.2090 mm, -275.1500 mm): Pad P2 [GND] of C28 on F.Cu
[unconnected_items]: Missing connection between items
    Local override; error
    @(332.2240 mm, -269.2900 mm): Pad P2 [GND] of R27 on F.Cu
    @(332.2240 mm, -275.1500 mm): Pad P2 [GND] of R28 on F.Cu
[unconnected_items]: Missing connection between items
    Local override; error
    @(332.5240 mm, -368.9100 mm): Pad P2 [GND] of R44 on F.Cu
    @(289.4840 mm, -351.3300 mm): Pad P2 [GND] of C43 on F.Cu
[unconnected_items]: Missing connection between items
    Local override; error
    @(382.3753 mm, -119.5000 mm): Pad GND [GND] of U4 on F.Cu
    @(381.8853 mm, -120.9000 mm): Pad EP [GND] of U4 on F.Cu
[unconnected_items]: Missing connection between items
    Local override; error
    @(389.1053 mm, -124.8200 mm): Pad S [GND] of Q2 on F.Cu
    @(389.1053 mm, -131.4000 mm): Pad S [GND] of Q3 on F.Cu
[unconnected_items]: Missing connection between items
    Local override; error
    @(389.1053 mm, -124.8200 mm): Pad S [GND] of Q2 on F.Cu
    @(389.1053 mm, -118.2400 mm): Pad S [GND] of Q1 on F.Cu
[unconnected_items]: Missing connection between items
    Local override; error
    @(389.1053 mm, -118.2400 mm): Pad S [GND] of Q1 on F.Cu
    @(382.3753 mm, -119.5000 mm): Pad GND [GND] of U4 on F.Cu
[unconnected_items]: Missing connection between items
    Local override; error
    @(397.0903 mm, -131.4500 mm): Pad 3 [GND] of D9 on F.Cu
    @(389.1053 mm, -131.4000 mm): Pad S [GND] of Q3 on F.Cu
[unconnected_items]: Missing connection between items
    Local override; error
    @(402.3003 mm, -119.5000 mm): Pad A [GND] of D1 on F.Cu
    @(397.0903 mm, -131.4500 mm): Pad 3 [GND] of D9 on F.Cu
[unconnected_items]: Missing connection between items
    Local override; error
    @(410.7828 mm, -119.7675 mm): PTH pad [GND] of 
    @(410.7828 mm, -115.8675 mm): PTH pad [GND] of 
[unconnected_items]: Missing connection between items
    Local override; error
    @(410.7828 mm, -119.7675 mm): PTH pad [GND] of 
    @(402.3003 mm, -119.5000 mm): Pad A [GND] of D1 on F.Cu
[unconnected_items]: Missing connection between items
    Local override; error
    @(410.7828 mm, -115.8675 mm): PTH pad [GND] of 
    @(411.9028 mm, -115.2925 mm): Pad GND_A [GND] of J13 on F.Cu
[unconnected_items]: Missing connection between items
    Local override; error
    @(411.9028 mm, -115.2925 mm): Pad GND_A [GND] of J13 on F.Cu
    @(418.3028 mm, -115.2925 mm): Pad GND_B [GND] of J13 on F.Cu
[unconnected_items]: Missing connection between items
    Local override; error
    @(418.3028 mm, -115.2925 mm): Pad GND_B [GND] of J13 on F.Cu
    @(419.4228 mm, -115.8675 mm): PTH pad [GND] of 
[unconnected_items]: Missing connection between items
    Local override; error
    @(419.4228 mm, -119.8675 mm): PTH pad [GND] of 
    @(419.4228 mm, -115.8675 mm): PTH pad [GND] of 
[unconnected_items]: Missing connection between items
    Local override; error
    @(429.2303 mm, -187.9400 mm): Pad 5 [GND] of J6 on F.Cu
    @(432.9803 mm, -202.3000 mm): Pad 2 [GND] of J7 on F.Cu
[unconnected_items]: Missing connection between items
    Local override; error
    @(429.3303 mm, -119.5000 mm): PTH pad 2 [GND] of J1
    @(419.4228 mm, -119.8675 mm): PTH pad [GND] of 
[unconnected_items]: Missing connection between items
    Local override; error
    @(429.3303 mm, -119.5000 mm): PTH pad 2 [GND] of J1
    @(432.0753 mm, -130.5000 mm): Pad 2 [GND] of J2 on F.Cu
[unconnected_items]: Missing connection between items
    Local override; error
    @(432.0753 mm, -159.2200 mm): Pad 2 [GND] of J4 on F.Cu
    @(432.0753 mm, -144.8600 mm): Pad 2 [GND] of J3 on F.Cu
[unconnected_items]: Missing connection between items
    Local override; error
    @(432.0753 mm, -130.5000 mm): Pad 2 [GND] of J2 on F.Cu
    @(432.0753 mm, -144.8600 mm): Pad 2 [GND] of J3 on F.Cu
[unconnected_items]: Missing connection between items
    Local override; error
    @(432.9803 mm, -173.5800 mm): Pad 2 [GND] of J5 on F.Cu
    @(432.0753 mm, -159.2200 mm): Pad 2 [GND] of J4 on F.Cu
[unconnected_items]: Missing connection between items
    Local override; error
    @(432.9803 mm, -173.5800 mm): Pad 2 [GND] of J5 on F.Cu
    @(429.2303 mm, -187.9400 mm): Pad 5 [GND] of J6 on F.Cu
[unconnected_items]: Missing connection between items
    Local override; error
    @(243.6745 mm, -142.4030 mm): Pad IO3 [GPIO3_STRAP] of U1 on F.Cu
    @(331.9490 mm, -193.1100 mm): Pad P2 [GPIO3_STRAP] of R14 on F.Cu
[unconnected_items]: Missing connection between items
    Local override; error
    @(246.2145 mm, -142.4030 mm): Pad IO9 [I2C1_SCL] of U1 on F.Cu
    @(306.0690 mm, -132.4750 mm): Pad I/O2 [I2C1_SCL] of D4 on F.Cu
[unconnected_items]: Missing connection between items
    Local override; error
    @(306.0690 mm, -132.4750 mm): Pad I/O2 [I2C1_SCL] of D4 on F.Cu
    @(306.0690 mm, -125.4650 mm): Pad I/O2 [I2C1_SCL] of D3 on F.Cu
[unconnected_items]: Missing connection between items
    Local override; error
    @(306.0690 mm, -132.4750 mm): Pad I/O2 [I2C1_SCL] of D4 on F.Cu
    @(332.2240 mm, -157.9500 mm): Pad P2 [I2C1_SCL] of R8 on F.Cu
[unconnected_items]: Missing connection between items
    Local override; error
    @(306.0690 mm, -125.4650 mm): Pad I/O2 [I2C1_SCL] of D3 on F.Cu
    @(315.1690 mm, -119.5000 mm): Pad SCL [I2C1_SCL] of U6 on F.Cu
[unconnected_items]: Missing connection between items
    Local override; error
    @(429.5853 mm, -144.8600 mm): Pad 4 [I2C1_SCL] of J3 on F.Cu
    @(332.2240 mm, -157.9500 mm): Pad P2 [I2C1_SCL] of R8 on F.Cu
[unconnected_items]: Missing connection between items
    Local override; error
    @(429.5853 mm, -130.5000 mm): Pad 4 [I2C1_SCL] of J2 on F.Cu
    @(429.5853 mm, -144.8600 mm): Pad 4 [I2C1_SCL] of J3 on F.Cu
[unconnected_items]: Missing connection between items
    Local override; error
    @(241.9095 mm, -138.6130 mm): Pad IO8 [I2C1_SDA] of U1 on F.Cu
    @(308.2690 mm, -130.5750 mm): Pad I/O1 [I2C1_SDA] of D4 on F.Cu
[unconnected_items]: Missing connection between items
    Local override; error
    @(308.2690 mm, -130.5750 mm): Pad I/O1 [I2C1_SDA] of D4 on F.Cu
    @(308.2690 mm, -123.5650 mm): Pad I/O1 [I2C1_SDA] of D3 on F.Cu
[unconnected_items]: Missing connection between items
    Local override; error
    @(308.2690 mm, -130.5750 mm): Pad I/O1 [I2C1_SDA] of D4 on F.Cu
    @(332.2240 mm, -152.0900 mm): Pad P2 [I2C1_SDA] of R7 on F.Cu
[unconnected_items]: Missing connection between items
    Local override; error
    @(308.2690 mm, -123.5650 mm): Pad I/O1 [I2C1_SDA] of D3 on F.Cu
    @(316.4390 mm, -119.5000 mm): Pad SDA [I2C1_SDA] of U6 on F.Cu
[unconnected_items]: Missing connection between items
    Local override; error
    @(430.8353 mm, -144.8600 mm): Pad 3 [I2C1_SDA] of J3 on F.Cu
    @(332.2240 mm, -152.0900 mm): Pad P2 [I2C1_SDA] of R7 on F.Cu
[unconnected_items]: Missing connection between items
    Local override; error
    @(430.8353 mm, -130.5000 mm): Pad 3 [I2C1_SDA] of J2 on F.Cu
    @(430.8353 mm, -144.8600 mm): Pad 3 [I2C1_SDA] of J3 on F.Cu
[unconnected_items]: Missing connection between items
    Local override; error
    @(241.9095 mm, -137.3430 mm): Pad IO18 [I2C2_SCL] of U1 on F.Cu
    @(306.0690 mm, -139.4850 mm): Pad I/O2 [I2C2_SCL] of D5 on F.Cu
[unconnected_items]: Missing connection between items
    Local override; error
    @(332.2240 mm, -169.6700 mm): Pad P2 [I2C2_SCL] of R10 on F.Cu
    @(306.0690 mm, -139.4850 mm): Pad I/O2 [I2C2_SCL] of D5 on F.Cu
[unconnected_items]: Missing connection between items
    Local override; error
    @(381.3753 mm, -119.5000 mm): Pad SCL [I2C2_SCL] of U4 on F.Cu
    @(429.5853 mm, -159.2200 mm): Pad 4 [I2C2_SCL] of J4 on F.Cu
[unconnected_items]: Missing connection between items
    Local override; error
    @(381.3753 mm, -119.5000 mm): Pad SCL [I2C2_SCL] of U4 on F.Cu
    @(332.2240 mm, -169.6700 mm): Pad P2 [I2C2_SCL] of R10 on F.Cu
[unconnected_items]: Missing connection between items
    Local override; error
    @(241.9095 mm, -136.0730 mm): Pad IO17 [I2C2_SDA] of U1 on F.Cu
    @(308.2690 mm, -137.5850 mm): Pad I/O1 [I2C2_SDA] of D5 on F.Cu
[unconnected_items]: Missing connection between items
    Local override; error
    @(332.2240 mm, -163.8100 mm): Pad P2 [I2C2_SDA] of R9 on F.Cu
    @(308.2690 mm, -137.5850 mm): Pad I/O1 [I2C2_SDA] of D5 on F.Cu
[unconnected_items]: Missing connection between items
    Local override; error
    @(380.8853 mm, -119.5000 mm): Pad SDA [I2C2_SDA] of U4 on F.Cu
    @(430.8353 mm, -159.2200 mm): Pad 3 [I2C2_SDA] of J4 on F.Cu
[unconnected_items]: Missing connection between items
    Local override; error
    @(380.8853 mm, -119.5000 mm): Pad SDA [I2C2_SDA] of U4 on F.Cu
    @(332.2240 mm, -163.8100 mm): Pad P2 [I2C2_SDA] of R9 on F.Cu
[unconnected_items]: Missing connection between items
    Local override; error
    @(241.9095 mm, -130.9930 mm): Pad IO6 [I2C3_SCL] of U1 on F.Cu
    @(306.0690 mm, -146.4950 mm): Pad I/O2 [I2C3_SCL] of D6 on F.Cu
[unconnected_items]: Missing connection between items
    Local override; error
    @(306.0690 mm, -146.4950 mm): Pad I/O2 [I2C3_SCL] of D6 on F.Cu
    @(332.2240 mm, -181.3900 mm): Pad P2 [I2C3_SCL] of R12 on F.Cu
[unconnected_items]: Missing connection between items
    Local override; error
    @(429.2303 mm, -202.3000 mm): Pad 5 [I2C3_SCL] of J7 on F.Cu
    @(332.2240 mm, -181.3900 mm): Pad P2 [I2C3_SCL] of R12 on F.Cu
[unconnected_items]: Missing connection between items
    Local override; error
    @(241.9095 mm, -129.7230 mm): Pad IO5 [I2C3_SDA] of U1 on F.Cu
    @(308.2690 mm, -144.5950 mm): Pad I/O1 [I2C3_SDA] of D6 on F.Cu
[unconnected_items]: Missing connection between items
    Local override; error
    @(308.2690 mm, -144.5950 mm): Pad I/O1 [I2C3_SDA] of D6 on F.Cu
    @(332.2240 mm, -175.5300 mm): Pad P2 [I2C3_SDA] of R11 on F.Cu
[unconnected_items]: Missing connection between items
    Local override; error
    @(430.4803 mm, -202.3000 mm): Pad 4 [I2C3_SDA] of J7 on F.Cu
    @(332.2240 mm, -175.5300 mm): Pad P2 [I2C3_SDA] of R11 on F.Cu
[unconnected_items]: Missing connection between items
    Local override; error
    @(259.4095 mm, -127.1830 mm): Pad IO2 [LED_GREEN_GATE] of U1 on F.Cu
    @(330.2990 mm, -116.9300 mm): Pad P1 [LED_GREEN_GATE] of R1 on F.Cu
[unconnected_items]: Missing connection between items
    Local override; error
    @(330.2990 mm, -134.5100 mm): Pad P1 [LED_GREEN_GATE_DRV] of R4 on F.Cu
    @(331.9490 mm, -116.9300 mm): Pad P2 [LED_GREEN_GATE_DRV] of R1 on F.Cu
[unconnected_items]: Missing connection between items
    Local override; error
    @(331.9490 mm, -116.9300 mm): Pad P2 [LED_GREEN_GATE_DRV] of R1 on F.Cu
    @(389.1053 mm, -116.3400 mm): Pad G [LED_GREEN_GATE_DRV] of Q1 on F.Cu
[unconnected_items]: Missing connection between items
    Local override; error
    @(391.1053 mm, -117.2900 mm): Pad D [LED_GREEN_SW] of Q1 on F.Cu
    @(429.3303 mm, -216.6600 mm): PTH pad 2 [LED_GREEN_SW] of J8
[unconnected_items]: Missing connection between items
    Local override; error
    @(241.9095 mm, -128.4530 mm): Pad IO4 [LED_RED_GATE] of U1 on F.Cu
    @(330.2990 mm, -122.7900 mm): Pad P1 [LED_RED_GATE] of R2 on F.Cu
[unconnected_items]: Missing connection between items
    Local override; error
    @(330.2990 mm, -140.3700 mm): Pad P1 [LED_RED_GATE_DRV] of R5 on F.Cu
    @(331.9490 mm, -122.7900 mm): Pad P2 [LED_RED_GATE_DRV] of R2 on F.Cu
[unconnected_items]: Missing connection between items
    Local override; error
    @(331.9490 mm, -122.7900 mm): Pad P2 [LED_RED_GATE_DRV] of R2 on F.Cu
    @(389.1053 mm, -122.9200 mm): Pad G [LED_RED_GATE_DRV] of Q2 on F.Cu
[unconnected_items]: Missing connection between items
    Local override; error
    @(391.1053 mm, -123.8700 mm): Pad D [LED_RED_SW] of Q2 on F.Cu
    @(429.3303 mm, -227.6600 mm): PTH pad 2 [LED_RED_SW] of J9
[unconnected_items]: Missing connection between items
    Local override; error
    @(53.0238 mm, -141.5800 mm): Pad 1 [LORA_ANT] of J11 on F.Cu
    @(220.2595 mm, -134.1869 mm): Pad ANT [LORA_ANT] of U2 on F.Cu
[unconnected_items]: Missing connection between items
    Local override; error
    @(220.2595 mm, -120.9969 mm): Pad BUSY [LORA_BUSY] of U2 on F.Cu
    @(241.9095 mm, -132.2630 mm): Pad IO7 [LORA_BUSY] of U1 on F.Cu
[unconnected_items]: Missing connection between items
    Local override; error
    @(220.2595 mm, -119.7269 mm): Pad DIO1 [LORA_DIO1] of U2 on F.Cu
    @(252.5645 mm, -142.4030 mm): Pad IO14 [LORA_DIO1] of U1 on F.Cu
[unconnected_items]: Missing connection between items
    Local override; error
    @(220.2595 mm, -122.2669 mm): Pad NRST [LORA_NRST] of U2 on F.Cu
    @(253.8345 mm, -142.4030 mm): Pad IO21 [LORA_NRST] of U1 on F.Cu
[unconnected_items]: Missing connection between items
    Local override; error
    @(253.8345 mm, -142.4030 mm): Pad IO21 [LORA_NRST] of U1 on F.Cu
    @(331.9490 mm, -322.0300 mm): Pad P2 [LORA_NRST] of R36 on F.Cu
[unconnected_items]: Missing connection between items
    Local override; error
    @(220.2595 mm, -127.3469 mm): Pad NSS [LORA_NSS] of U2 on F.Cu
    @(247.4845 mm, -142.4030 mm): Pad IO10 [LORA_NSS] of U1 on F.Cu
[unconnected_items]: Missing connection between items
    Local override; error
    @(278.6593 mm, -120.4649 mm): Pad REGOUT [Net 1] of IC1 on F.Cu
    @(278.7093 mm, -123.5159 mm): Pad P1 [Net 1] of C1_1 on F.Cu
[unconnected_items]: Missing connection between items
    Local override; error
    @(276.6093 mm, -114.3159 mm): Pad P1 [Net 10] of R5_1 on F.Cu
    @(277.4593 mm, -117.4169 mm): Pad SDA/SDI [Net 10] of IC1 on F.Cu
[unconnected_items]: Missing connection between items
    Local override; error
    @(277.4093 mm, -123.5659 mm): Pad P1 [Net 2] of R1_1 on F.Cu
    @(278.2593 mm, -120.4649 mm): Pad SDO/ADO [Net 2] of IC1 on F.Cu
[unconnected_items]: Missing connection between items
    Local override; error
    @(279.0593 mm, -120.4649 mm): Pad FSYNC [Net 4] of IC1 on F.Cu
    @(279.9593 mm, -123.5659 mm): Pad P1 [Net 4] of R2_1 on F.Cu
[unconnected_items]: Missing connection between items
    Local override; error
    @(276.6093 mm, -115.9659 mm): Pad P2 [Net 6] of R5_1 on F.Cu
    @(278.0593 mm, -115.9659 mm): Pad P2 [Net 6] of R4_1 on F.Cu
[unconnected_items]: Missing connection between items
    Local override; error
    @(277.8593 mm, -120.4649 mm): Pad VDDIO [Net 6] of IC1 on F.Cu
    @(279.9833 mm, -119.9409 mm): Pad VDD [Net 6] of IC1 on F.Cu
[unconnected_items]: Missing connection between items
    Local override; error
    @(278.0593 mm, -115.9659 mm): Pad P2 [Net 6] of R4_1 on F.Cu
    @(279.4593 mm, -115.9659 mm): Pad P2 [Net 6] of R3_1 on F.Cu
[unconnected_items]: Missing connection between items
    Local override; error
    @(279.4593 mm, -115.9659 mm): Pad P2 [Net 6] of R3_1 on F.Cu
    @(279.9833 mm, -119.9409 mm): Pad VDD [Net 6] of IC1 on F.Cu
[unconnected_items]: Missing connection between items
    Local override; error
    @(279.9833 mm, -119.9409 mm): Pad VDD [Net 6] of IC1 on F.Cu
    @(281.2093 mm, -123.5159 mm): Pad P1 [Net 6] of C3_1 on F.Cu
[unconnected_items]: Missing connection between items
    Local override; error
    @(282.4593 mm, -123.5159 mm): Pad P1 [Net 6] of C2_1 on F.Cu
    @(281.2093 mm, -123.5159 mm): Pad P1 [Net 6] of C3_1 on F.Cu
[unconnected_items]: Missing connection between items
    Local override; error
    @(278.2593 mm, -117.4169 mm): Pad nCS [Net 8] of IC1 on F.Cu
    @(279.4593 mm, -114.3159 mm): Pad P1 [Net 8] of R3_1 on F.Cu
[unconnected_items]: Missing connection between items
    Local override; error
    @(277.8593 mm, -117.4169 mm): Pad SCL/SCLK [Net 9] of IC1 on F.Cu
    @(278.0593 mm, -114.3159 mm): Pad P1 [Net 9] of R4_1 on F.Cu
[unconnected_items]: Missing connection between items
    Local override; error
    @(205.0420 mm, -116.5550 mm): Pad A [PWR_LED_A] of D12 on F.Cu
    @(331.9490 mm, -286.8700 mm): Pad P2 [PWR_LED_A] of R30 on F.Cu
[unconnected_items]: Missing connection between items
    Local override; error
    @(331.9490 mm, -257.5700 mm): Pad P2 [RS485_A] of R25 on F.Cu
    @(330.2990 mm, -251.7100 mm): Pad P1 [RS485_A] of R24 on F.Cu
[unconnected_items]: Missing connection between items
    Local override; error
    @(399.5703 mm, -132.4000 mm): Pad 1 [RS485_A] of D9 on F.Cu
    @(431.8703 mm, -249.6600 mm): PTH pad 1 [RS485_A] of J16
[unconnected_items]: Missing connection between items
    Local override; error
    @(431.8703 mm, -249.6600 mm): PTH pad 1 [RS485_A] of J16
    @(331.9490 mm, -257.5700 mm): Pad P2 [RS485_A] of R25 on F.Cu
[unconnected_items]: Missing connection between items
    Local override; error
    @(153.8859 mm, -156.2217 mm): Pad A [RS485_A_IC] of U7 on F.Cu
    @(330.2990 mm, -257.5700 mm): Pad P1 [RS485_A_IC] of R25 on F.Cu
[unconnected_items]: Missing connection between items
    Local override; error
    @(331.9490 mm, -263.4300 mm): Pad P2 [RS485_B] of R26 on F.Cu
    @(331.9490 mm, -251.7100 mm): Pad P2 [RS485_B] of R24 on F.Cu
[unconnected_items]: Missing connection between items
    Local override; error
    @(399.5703 mm, -130.5000 mm): Pad 2 [RS485_B] of D9 on F.Cu
    @(429.3303 mm, -249.6600 mm): PTH pad 2 [RS485_B] of J16
[unconnected_items]: Missing connection between items
    Local override; error
    @(429.3303 mm, -249.6600 mm): PTH pad 2 [RS485_B] of J16
    @(331.9490 mm, -251.7100 mm): Pad P2 [RS485_B] of R24 on F.Cu
[unconnected_items]: Missing connection between items
    Local override; error
    @(152.6259 mm, -156.2217 mm): Pad B [RS485_B_IC] of U7 on F.Cu
    @(330.2990 mm, -263.4300 mm): Pad P1 [RS485_B_IC] of R26 on F.Cu
[unconnected_items]: Missing connection between items
    Local override; error
    @(153.8859 mm, -161.1217 mm): Pad DE [RS485_DE_RE] of U7 on F.Cu
    @(152.6259 mm, -161.1217 mm): Pad ~{RE} [RS485_DE_RE] of U7 on F.Cu
[unconnected_items]: Missing connection between items
    Local override; error
    @(259.4095 mm, -132.2630 mm): Pad IO41 [RS485_DE_RE] of U1 on F.Cu
    @(153.8859 mm, -161.1217 mm): Pad DE [RS485_DE_RE] of U7 on F.Cu
[unconnected_items]: Missing connection between items
    Local override; error
    @(318.9890 mm, -129.0000 mm): Pad RST [RTC_RST] of U6 on F.Cu
    @(331.9490 mm, -327.8900 mm): Pad P2 [RTC_RST] of R37 on F.Cu
[unconnected_items]: Missing connection between items
    Local override; error
    @(53.4098 mm, -124.9744 mm): Pad + [RTC_VBAT] of BT1 on F.Cu
    @(317.7090 mm, -119.5000 mm): Pad VBAT [RTC_VBAT] of U6 on F.Cu
[unconnected_items]: Missing connection between items
    Local override; error
    @(12.6250 mm, -132.4000 mm): Pad E [RTS] of Q6 on F.Cu
    @(193.9981 mm, -117.8539 mm): Pad RTS [RTS] of U8 on F.Cu
[unconnected_items]: Missing connection between items
    Local override; error
    @(193.9981 mm, -117.8539 mm): Pad RTS [RTS] of U8 on F.Cu
    @(330.2990 mm, -351.3300 mm): Pad P1 [RTS] of R41 on F.Cu
[unconnected_items]: Missing connection between items
    Local override; error
    @(60.6473 mm, -198.3060 mm): Pad CD/DAT3 [SD_CS] of J15 on F.Cu
    @(255.1045 mm, -142.4030 mm): Pad IO47 [SD_CS] of U1 on F.Cu
[unconnected_items]: Missing connection between items
    Local override; error
    @(255.1045 mm, -142.4030 mm): Pad IO47 [SD_CS] of U1 on F.Cu
    @(331.9490 mm, -398.2100 mm): Pad P2 [SD_CS] of R49 on F.Cu
[unconnected_items]: Missing connection between items
    Local override; error
    @(55.1473 mm, -198.3060 mm): Pad DAT0 [SPI_MISO] of J15 on F.Cu
    @(220.2595 mm, -123.5369 mm): Pad MISO [SPI_MISO] of U2 on F.Cu
[unconnected_items]: Missing connection between items
    Local override; error
    @(220.2595 mm, -123.5369 mm): Pad MISO [SPI_MISO] of U2 on F.Cu
    @(251.2945 mm, -142.4030 mm): Pad IO13 [SPI_MISO] of U1 on F.Cu
[unconnected_items]: Missing connection between items
    Local override; error
    @(59.5473 mm, -198.3060 mm): Pad CMD [SPI_MOSI] of J15 on F.Cu
    @(220.2595 mm, -124.8069 mm): Pad MOSI [SPI_MOSI] of U2 on F.Cu
[unconnected_items]: Missing connection between items
    Local override; error
    @(220.2595 mm, -124.8069 mm): Pad MOSI [SPI_MOSI] of U2 on F.Cu
    @(331.9490 mm, -216.5500 mm): Pad P2 [SPI_MOSI] of R18 on F.Cu
[unconnected_items]: Missing connection between items
    Local override; error
    @(248.7545 mm, -142.4030 mm): Pad IO11 [SPI_MOSI_MCU] of U1 on F.Cu
    @(330.2990 mm, -216.5500 mm): Pad P1 [SPI_MOSI_MCU] of R18 on F.Cu
[unconnected_items]: Missing connection between items
    Local override; error
    @(57.3473 mm, -198.3060 mm): Pad CLK [SPI_SCK] of J15 on F.Cu
    @(220.2595 mm, -126.0769 mm): Pad SCK [SPI_SCK] of U2 on F.Cu
[unconnected_items]: Missing connection between items
    Local override; error
    @(220.2595 mm, -126.0769 mm): Pad SCK [SPI_SCK] of U2 on F.Cu
    @(331.9490 mm, -222.4100 mm): Pad P2 [SPI_SCK] of R19 on F.Cu
[unconnected_items]: Missing connection between items
    Local override; error
    @(250.0245 mm, -142.4030 mm): Pad IO12 [SPI_SCK_MCU] of U1 on F.Cu
    @(330.2990 mm, -222.4100 mm): Pad P1 [SPI_SCK_MCU] of R19 on F.Cu
[unconnected_items]: Missing connection between items
    Local override; error
    @(287.9340 mm, -316.1700 mm): Pad P1 [U10_BST] of C37 on F.Cu
    @(152.3717 mm, -179.6078 mm): Pad BST [U10_BST] of U10 on F.Cu
[unconnected_items]: Missing connection between items
    Local override; error
    @(374.6153 mm, -130.5000 mm): Pad 2 [U10_BST] of D16 on F.Cu
    @(287.9340 mm, -316.1700 mm): Pad P1 [U10_BST] of C37 on F.Cu
[unconnected_items]: Missing connection between items
    Local override; error
    @(152.3717 mm, -178.9578 mm): Pad EN [U10_EN] of U10 on F.Cu
    @(332.2240 mm, -333.7500 mm): Pad P2 [U10_EN] of R38 on F.Cu
[unconnected_items]: Missing connection between items
    Local override; error
    @(152.3717 mm, -177.6578 mm): Pad FB [U10_FB] of U10 on F.Cu
    @(332.5240 mm, -363.0500 mm): Pad P2 [U10_FB] of R43 on F.Cu
[unconnected_items]: Missing connection between items
    Local override; error
    @(332.5240 mm, -363.0500 mm): Pad P2 [U10_FB] of R43 on F.Cu
    @(330.8740 mm, -368.9100 mm): Pad P1 [U10_FB] of R44 on F.Cu
[unconnected_items]: Missing connection between items
    Local override; error
    @(149.7717 mm, -178.9578 mm): Pad SW [U10_SW] of U10 on F.Cu
    @(141.6592 mm, -122.7900 mm): Pad P1 [U10_SW] of L2 on F.Cu
[unconnected_items]: Missing connection between items
    Local override; error
    @(289.4840 mm, -316.1700 mm): Pad P2 [U10_SW] of C37 on F.Cu
    @(149.7717 mm, -178.9578 mm): Pad SW [U10_SW] of U10 on F.Cu
[unconnected_items]: Missing connection between items
    Local override; error
    @(287.6590 mm, -228.2700 mm): Pad P1 [U10_VCC] of C20 on F.Cu
    @(152.3717 mm, -178.3078 mm): Pad VCC [U10_VCC] of U10 on F.Cu
[unconnected_items]: Missing connection between items
    Local override; error
    @(372.2753 mm, -130.5000 mm): Pad 1 [U10_VCC] of D16 on F.Cu
    @(287.6590 mm, -228.2700 mm): Pad P1 [U10_VCC] of C20 on F.Cu
[unconnected_items]: Missing connection between items
    Local override; error
    @(93.1585 mm, -123.5431 mm): Pad BOOT [U11_BOOT] of U11 on F.Cu
    @(287.9340 mm, -322.0300 mm): Pad P1 [U11_BOOT] of C38 on F.Cu
[unconnected_items]: Missing connection between items
    Local override; error
    @(95.6985 mm, -118.0031 mm): Pad COMP [U11_COMP] of U11 on F.Cu
    @(287.6590 mm, -281.0100 mm): Pad P1 [U11_COMP] of C29 on F.Cu
[unconnected_items]: Missing connection between items
    Local override; error
    @(287.6590 mm, -281.0100 mm): Pad P1 [U11_COMP] of C29 on F.Cu
    @(330.8740 mm, -392.3500 mm): Pad P1 [U11_COMP] of R48 on F.Cu
[unconnected_items]: Missing connection between items
    Local override; error
    @(287.6590 mm, -275.1500 mm): Pad P1 [U11_COMP_RC] of C28 on F.Cu
    @(332.5240 mm, -392.3500 mm): Pad P2 [U11_COMP_RC] of R48 on F.Cu
[unconnected_items]: Missing connection between items
    Local override; error
    @(95.6985 mm, -123.5431 mm): Pad EN [U11_EN] of U11 on F.Cu
    @(332.2240 mm, -339.6100 mm): Pad P2 [U11_EN] of R39 on F.Cu
[unconnected_items]: Missing connection between items
    Local override; error
    @(96.9685 mm, -118.0031 mm): Pad VSENSE [U11_FB] of U11 on F.Cu
    @(332.5240 mm, -380.6300 mm): Pad P2 [U11_FB] of R46 on F.Cu
[unconnected_items]: Missing connection between items
    Local override; error
    @(332.5240 mm, -380.6300 mm): Pad P2 [U11_FB] of R46 on F.Cu
    @(330.2990 mm, -386.4900 mm): Pad P1 [U11_FB] of R47 on F.Cu
[unconnected_items]: Missing connection between items
    Local override; error
    @(93.1585 mm, -118.0031 mm): Pad PH [U11_PH] of U11 on F.Cu
    @(106.1021 mm, -119.2300 mm): Pad K [U11_PH] of D11 on F.Cu
[unconnected_items]: Missing connection between items
    Local override; error
    @(106.1021 mm, -119.2300 mm): Pad K [U11_PH] of D11 on F.Cu
    @(141.6592 mm, -128.6500 mm): Pad P1 [U11_PH] of L3 on F.Cu
[unconnected_items]: Missing connection between items
    Local override; error
    @(141.6592 mm, -128.6500 mm): Pad P1 [U11_PH] of L3 on F.Cu
    @(289.4840 mm, -322.0300 mm): Pad P2 [U11_PH] of C38 on F.Cu
[unconnected_items]: Missing connection between items
    Local override; error
    @(96.9685 mm, -123.5431 mm): Pad SS [U11_SS] of U11 on F.Cu
    @(287.6590 mm, -269.2900 mm): Pad P1 [U11_SS] of C27 on F.Cu
[unconnected_items]: Missing connection between items
    Local override; error
    @(192.9981 mm, -117.8539 mm): Pad TXD [UART0_RX] of U8 on F.Cu
    @(259.4095 mm, -129.7230 mm): Pad RXD0 [UART0_RX] of U1 on F.Cu
[unconnected_items]: Missing connection between items
    Local override; error
    @(193.4981 mm, -117.8539 mm): Pad RXD [UART0_TX] of U8 on F.Cu
    @(259.4095 mm, -128.4530 mm): Pad TXD0 [UART0_TX] of U1 on F.Cu
[unconnected_items]: Missing connection between items
    Local override; error
    @(306.0690 mm, -153.5050 mm): Pad I/O2 [UART1_RX] of D7 on F.Cu
    @(241.9095 mm, -134.8030 mm): Pad IO16 [UART1_RX] of U1 on F.Cu
[unconnected_items]: Missing connection between items
    Local override; error
    @(430.4803 mm, -173.5800 mm): Pad 4 [UART1_RX] of J5 on F.Cu
    @(306.0690 mm, -153.5050 mm): Pad I/O2 [UART1_RX] of D7 on F.Cu
[unconnected_items]: Missing connection between items
    Local override; error
    @(308.2690 mm, -151.6050 mm): Pad I/O1 [UART1_TX] of D7 on F.Cu
    @(241.9095 mm, -133.5330 mm): Pad IO15 [UART1_TX] of U1 on F.Cu
[unconnected_items]: Missing connection between items
    Local override; error
    @(431.7303 mm, -173.5800 mm): Pad 3 [UART1_TX] of J5 on F.Cu
    @(308.2690 mm, -151.6050 mm): Pad I/O1 [UART1_TX] of D7 on F.Cu
[unconnected_items]: Missing connection between items
    Local override; error
    @(259.4095 mm, -134.8030 mm): Pad IO39 [UART2_RX] of U1 on F.Cu
    @(330.2990 mm, -298.5900 mm): Pad P1 [UART2_RX] of R32 on F.Cu
[unconnected_items]: Missing connection between items
    Local override; error
    @(330.2990 mm, -298.5900 mm): Pad P1 [UART2_RX] of R32 on F.Cu
    @(330.2990 mm, -316.1700 mm): Pad P1 [UART2_RX] of R35 on F.Cu
[unconnected_items]: Missing connection between items
    Local override; error
    @(151.3459 mm, -161.1217 mm): Pad RO [UART2_RX_485] of U7 on F.Cu
    @(331.9490 mm, -316.1700 mm): Pad P2 [UART2_RX_485] of R35 on F.Cu
[unconnected_items]: Missing connection between items
    Local override; error
    @(259.4095 mm, -133.5330 mm): Pad IO40 [UART2_TX] of U1 on F.Cu
    @(330.2990 mm, -292.7300 mm): Pad P1 [UART2_TX] of R31 on F.Cu
[unconnected_items]: Missing connection between items
    Local override; error
    @(330.2990 mm, -292.7300 mm): Pad P1 [UART2_TX] of R31 on F.Cu
    @(330.2990 mm, -310.3100 mm): Pad P1 [UART2_TX] of R34 on F.Cu
[unconnected_items]: Missing connection between items
    Local override; error
    @(155.1559 mm, -161.1217 mm): Pad DI [UART2_TX_485] of U7 on F.Cu
    @(331.9490 mm, -310.3100 mm): Pad P2 [UART2_TX_485] of R34 on F.Cu
[unconnected_items]: Missing connection between items
    Local override; error
    @(330.5740 mm, -269.2900 mm): Pad P1 [USB_CC1] of R27 on F.Cu
    @(413.8528 mm, -115.2925 mm): Pad CC1 [USB_CC1] of J13 on F.Cu
[unconnected_items]: Missing connection between items
    Local override; error
    @(330.5740 mm, -275.1500 mm): Pad P1 [USB_CC2] of R28 on F.Cu
    @(416.8528 mm, -115.2925 mm): Pad CC2 [USB_CC2] of J13 on F.Cu
[unconnected_items]: Missing connection between items
    Local override; error
    @(297.2440 mm, -119.5000 mm): Pad OUT1 [USB_DEBUG_5V] of U14 on F.Cu
    @(298.5040 mm, -119.5000 mm): Pad OUT2 [USB_DEBUG_5V] of U14 on F.Cu
[unconnected_items]: Missing connection between items
    Local override; error
    @(298.5040 mm, -119.5000 mm): Pad OUT2 [USB_DEBUG_5V] of U14 on F.Cu
    @(348.2272 mm, -120.3416 mm): Pad A [USB_DEBUG_5V] of D15 on F.Cu
[unconnected_items]: Missing connection between items
    Local override; error
    @(190.7481 mm, -120.1039 mm): Pad D- [USB_DN] of U8 on F.Cu
    @(308.2690 mm, -118.4550 mm): Pad I/O2 [USB_DN] of D2 on F.Cu
[unconnected_items]: Missing connection between items
    Local override; error
    @(414.3528 mm, -115.2925 mm): Pad DN2 [USB_DN_CONN] of J13 on F.Cu
    @(415.3528 mm, -115.2925 mm): Pad DN1 [USB_DN_CONN] of J13 on F.Cu
[unconnected_items]: Missing connection between items
    Local override; error
    @(190.7481 mm, -119.6039 mm): Pad D+ [USB_DP] of U8 on F.Cu
    @(308.2690 mm, -116.5550 mm): Pad I/O1 [USB_DP] of D2 on F.Cu
[unconnected_items]: Missing connection between items
    Local override; error
    @(414.8528 mm, -115.2925 mm): Pad DP1 [USB_DP_CONN] of J13 on F.Cu
    @(415.8528 mm, -115.2925 mm): Pad DP2 [USB_DP_CONN] of J13 on F.Cu
[unconnected_items]: Missing connection between items
    Local override; error
    @(287.9340 mm, -304.4500 mm): Pad P1 [USB_VBUS] of C35 on F.Cu
    @(287.6590 mm, -310.3100 mm): Pad P1 [USB_VBUS] of C36 on F.Cu
[unconnected_items]: Missing connection between items
    Local override; error
    @(297.2440 mm, -125.0400 mm): Pad IN [USB_VBUS] of U14 on F.Cu
    @(191.9981 mm, -121.8539 mm): Pad VBUS [USB_VBUS] of U8 on F.Cu
[unconnected_items]: Missing connection between items
    Local override; error
    @(297.2440 mm, -125.0400 mm): Pad IN [USB_VBUS] of U14 on F.Cu
    @(287.9340 mm, -304.4500 mm): Pad P1 [USB_VBUS] of C35 on F.Cu
[unconnected_items]: Missing connection between items
    Local override; error
    @(298.5040 mm, -125.0400 mm): Pad EN1 [USB_VBUS] of U14 on F.Cu
    @(297.2440 mm, -125.0400 mm): Pad IN [USB_VBUS] of U14 on F.Cu
[unconnected_items]: Missing connection between items
    Local override; error
    @(299.7740 mm, -125.0400 mm): Pad EN2 [USB_VBUS] of U14 on F.Cu
    @(298.5040 mm, -125.0400 mm): Pad EN1 [USB_VBUS] of U14 on F.Cu
[unconnected_items]: Missing connection between items
    Local override; error
    @(308.2690 mm, -117.5050 mm): Pad VBUS [USB_VBUS] of D2 on F.Cu
    @(299.7740 mm, -125.0400 mm): Pad EN2 [USB_VBUS] of U14 on F.Cu
[unconnected_items]: Missing connection between items
    Local override; error
    @(308.2690 mm, -117.5050 mm): Pad VBUS [USB_VBUS] of D2 on F.Cu
    @(412.7028 mm, -115.2925 mm): Pad VBUS_A [USB_VBUS] of J13 on F.Cu
[unconnected_items]: Missing connection between items
    Local override; error
    @(412.7028 mm, -115.2925 mm): Pad VBUS_A [USB_VBUS] of J13 on F.Cu
    @(417.5028 mm, -115.2925 mm): Pad VBUS_B [USB_VBUS] of J13 on F.Cu
[unconnected_items]: Missing connection between items
    Local override; error
    @(259.4095 mm, -130.9930 mm): Pad IO42 [WIND_SPEED] of U1 on F.Cu
    @(308.2690 mm, -158.6150 mm): Pad I/O1 [WIND_SPEED] of D8 on F.Cu
[unconnected_items]: Missing connection between items
    Local override; error
    @(308.2690 mm, -158.6150 mm): Pad I/O1 [WIND_SPEED] of D8 on F.Cu
    @(331.9490 mm, -245.8500 mm): Pad P2 [WIND_SPEED] of R23 on F.Cu
[unconnected_items]: Missing connection between items
    Local override; error
    @(431.7303 mm, -202.3000 mm): Pad 3 [WIND_SPEED] of J7 on F.Cu
    @(331.9490 mm, -245.8500 mm): Pad P2 [WIND_SPEED] of R23 on F.Cu

** Found 0 Footprint errors **

** Ignored checks **
    - Footprint has no courtyard defined
    - Track endpoint not centered on via
    - Tuning profile track geometries
    - Footprint doesn't match symbol's footprint filters
    - Footprint component type doesn't match footprint pads

** End of Report **
